#Row.names	X18S_BL040126_022.	X18S_BL040223_022.	X18S_BL040322_022.	X18S_BL040419_022.	X18S_BL040525_022.	X18S_BL040628_022.	X18S_BL040719_022.	X18S_BL040831_022.	X18S_BL040929_022.	X18S_BL041019_022.	X18S_BL041116_022.	X18S_BL041214_022.	X18S_BL050120_022.	X18S_BL050215_022.	X18S_BL050309_022.	X18S_BL050413_022.	X18S_BL050510_022.	X18S_BL050607_022.	X18S_BL050705_022.	X18S_BL050803_022.	X18S_BL050913_022.	X18S_BL051004_022.	X18S_BL051108_022.	X18S_BL051213_022.
OTU_1	720.0	670.0	1777.0	85.0	0.0	0.0	0.0	0.0	4.0	15.0	25.0	657.0	715.0	3009.0	2.0	13.0	1.0	0.0	8.0	0.0	2608.0	290.0	46.0	80.0
OTU_10	36.0	151.0	108.0	46.0	114.0	201.0	114.0	133.0	102.0	26.0	203.0	401.0	170.0	26.0	0.0	452.0	0.0	37.0	3.0	0.0	93.0	2.0	114.0	726.0
OTU_100	47.0	12.0	61.0	11.0	56.0	26.0	18.0	19.0	58.0	104.0	64.0	35.0	16.0	0.0	0.0	0.0	48.0	49.0	0.0	0.0	8.0	0.0	50.0	126.0
OTU_1001	0.0	0.0	0.0	0.0	0.0	0.0	0.0	1.0	0.0	7.0	1.0	9.0	2.0	0.0	0.0	0.0	0.0	0.0	0.0	0.0	0.0	0.0	1.0	1.0
OTU_101	0.0	0.0	0.0	0.0	0.0	1.0	831.0	10.0	9.0	0.0	3.0	0.0	0.0	0.0	0.0	0.0	1.0	0.0	0.0	0.0	0.0	0.0	8.0	0.0
OTU_1013	0.0	2.0	0.0	2.0	70.0	0.0	11.0	38.0	102.0	55.0	32.0	59.0	25.0	0.0	1.0	19.0	0.0	49.0	1.0	0.0	0.0	0.0	128.0	29.0
OTU_102	52.0	18.0	11.0	15.0	0.0	0.0	0.0	6.0	2.0	14.0	9.0	70.0	65.0	1.0	0.0	0.0	0.0	0.0	0.0	0.0	20.0	0.0	12.0	51.0
OTU_1023	6.0	0.0	2.0	2.0	0.0	0.0	0.0	0.0	0.0	0.0	14.0	0.0	1.0	0.0	0.0	0.0	0.0	0.0	0.0	0.0	5.0	0.0	2.0	0.0
OTU_103	1.0	16.0	15.0	4.0	51.0	2.0	0.0	0.0	30.0	55.0	13.0	8.0	20.0	0.0	0.0	1.0	9.0	29.0	0.0	9.0	12.0	15.0	68.0	41.0
OTU_104	69.0	0.0	41.0	0.0	0.0	44.0	0.0	0.0	0.0	0.0	0.0	4.0	56.0	118.0	0.0	0.0	0.0	0.0	0.0	0.0	11.0	0.0	0.0	6.0
OTU_106	0.0	0.0	0.0	1.0	0.0	0.0	0.0	0.0	3.0	0.0	112.0	0.0	1.0	0.0	0.0	0.0	0.0	299.0	8.0	12.0	5.0	0.0	20.0	3.0
OTU_107	164.0	0.0	80.0	1.0	0.0	0.0	18.0	0.0	0.0	7.0	4.0	2.0	28.0	24.0	0.0	0.0	0.0	14.0	0.0	0.0	16.0	2.0	16.0	13.0
OTU_108	11.0	0.0	0.0	0.0	0.0	0.0	0.0	0.0	0.0	0.0	68.0	13.0	4.0	0.0	0.0	0.0	0.0	0.0	0.0	0.0	2.0	1.0	0.0	76.0
OTU_1088	49.0	0.0	0.0	0.0	0.0	0.0	0.0	0.0	0.0	0.0	5.0	2.0	23.0	6.0	0.0	0.0	0.0	0.0	0.0	0.0	21.0	4.0	2.0	16.0
OTU_109	11.0	17.0	0.0	6.0	0.0	0.0	0.0	0.0	3.0	7.0	47.0	23.0	8.0	6.0	0.0	52.0	0.0	0.0	0.0	0.0	4.0	0.0	34.0	84.0
OTU_1094	3.0	1.0	25.0	0.0	0.0	0.0	0.0	0.0	0.0	0.0	2.0	1.0	4.0	0.0	0.0	0.0	9.0	0.0	0.0	0.0	1.0	0.0	0.0	4.0
OTU_11	0.0	0.0	1.0	0.0	1792.0	0.0	0.0	0.0	0.0	2.0	0.0	4.0	2.0	0.0	4.0	0.0	4.0	0.0	1182.0	48.0	0.0	4.0	10.0	5.0
OTU_112	8.0	0.0	1.0	0.0	0.0	0.0	0.0	0.0	13.0	68.0	21.0	61.0	32.0	18.0	0.0	57.0	11.0	7.0	0.0	39.0	15.0	3.0	127.0	10.0
OTU_114	2.0	17.0	0.0	7.0	0.0	0.0	0.0	0.0	0.0	0.0	20.0	32.0	2.0	3.0	0.0	0.0	5.0	1.0	32.0	0.0	1.0	0.0	122.0	57.0
OTU_115	130.0	78.0	13.0	3.0	0.0	0.0	0.0	0.0	0.0	0.0	0.0	23.0	42.0	23.0	1.0	0.0	0.0	0.0	0.0	0.0	24.0	0.0	0.0	1.0
OTU_116	46.0	89.0	1.0	0.0	0.0	0.0	0.0	0.0	103.0	0.0	0.0	10.0	16.0	92.0	0.0	0.0	0.0	0.0	0.0	0.0	8.0	0.0	53.0	0.0
OTU_117	14.0	70.0	13.0	3.0	0.0	0.0	4.0	1.0	11.0	39.0	27.0	69.0	21.0	6.0	0.0	4.0	0.0	0.0	0.0	0.0	6.0	0.0	42.0	32.0
OTU_118	19.0	0.0	4.0	0.0	3.0	51.0	5.0	0.0	39.0	58.0	18.0	5.0	5.0	0.0	35.0	0.0	2.0	19.0	0.0	0.0	2.0	0.0	14.0	35.0
OTU_119	5.0	21.0	9.0	5.0	0.0	231.0	23.0	5.0	5.0	0.0	1.0	0.0	1.0	0.0	0.0	0.0	0.0	0.0	32.0	46.0	6.0	0.0	17.0	1.0
OTU_1194	0.0	0.0	0.0	0.0	0.0	10.0	1.0	33.0	104.0	0.0	1.0	0.0	0.0	0.0	820.0	85.0	0.0	112.0	0.0	0.0	0.0	0.0	15.0	0.0
OTU_12	692.0	41.0	6.0	7.0	87.0	0.0	41.0	12.0	0.0	0.0	0.0	29.0	297.0	80.0	2.0	0.0	1.0	0.0	65.0	256.0	81.0	28.0	0.0	3.0
OTU_121	4.0	91.0	19.0	69.0	0.0	22.0	40.0	5.0	2.0	7.0	2.0	5.0	27.0	13.0	0.0	0.0	0.0	0.0	607.0	40.0	22.0	19.0	24.0	15.0
OTU_122	2.0	0.0	0.0	0.0	0.0	0.0	0.0	0.0	100.0	103.0	88.0	1.0	0.0	0.0	0.0	18.0	0.0	16.0	0.0	0.0	0.0	0.0	0.0	20.0
OTU_123	30.0	1.0	15.0	1.0	0.0	0.0	0.0	0.0	0.0	0.0	17.0	13.0	65.0	0.0	0.0	0.0	0.0	0.0	0.0	0.0	2.0	0.0	0.0	59.0
OTU_124	0.0	0.0	0.0	0.0	0.0	60.0	0.0	108.0	5.0	6.0	20.0	0.0	0.0	0.0	0.0	71.0	16.0	126.0	0.0	0.0	0.0	0.0	0.0	0.0
OTU_125	15.0	13.0	12.0	0.0	0.0	0.0	25.0	29.0	10.0	8.0	3.0	34.0	23.0	1.0	0.0	0.0	8.0	18.0	0.0	66.0	19.0	0.0	0.0	11.0
OTU_126	100.0	99.0	17.0	5.0	0.0	0.0	0.0	0.0	0.0	0.0	0.0	0.0	8.0	17.0	0.0	0.0	0.0	0.0	0.0	0.0	27.0	0.0	0.0	11.0
OTU_128	0.0	0.0	1.0	3.0	0.0	0.0	0.0	0.0	0.0	45.0	167.0	0.0	5.0	0.0	0.0	0.0	0.0	14.0	1.0	0.0	0.0	0.0	0.0	39.0
OTU_13	23.0	70.0	1.0	0.0	0.0	0.0	88.0	959.0	1076.0	46.0	14.0	0.0	31.0	0.0	0.0	0.0	44.0	34.0	1.0	148.0	7.0	0.0	0.0	0.0
OTU_130	9.0	3.0	0.0	4.0	0.0	0.0	48.0	0.0	1.0	43.0	2.0	0.0	3.0	16.0	0.0	9.0	0.0	8.0	0.0	0.0	9.0	207.0	19.0	0.0
OTU_1301	0.0	0.0	1.0	1.0	0.0	3.0	0.0	0.0	0.0	0.0	1.0	0.0	3.0	0.0	0.0	0.0	0.0	0.0	0.0	0.0	0.0	3.0	0.0	1.0
OTU_131	44.0	25.0	44.0	73.0	0.0	0.0	0.0	0.0	68.0	101.0	34.0	2.0	1.0	0.0	0.0	0.0	0.0	0.0	0.0	0.0	10.0	0.0	0.0	6.0
OTU_132	0.0	0.0	0.0	0.0	0.0	11.0	4.0	0.0	0.0	0.0	43.0	0.0	0.0	20.0	0.0	0.0	0.0	67.0	0.0	109.0	1.0	0.0	1.0	6.0
OTU_133	0.0	30.0	2.0	11.0	0.0	288.0	9.0	19.0	4.0	0.0	3.0	0.0	2.0	0.0	0.0	0.0	0.0	8.0	0.0	0.0	4.0	5.0	0.0	3.0
OTU_134	3.0	158.0	18.0	77.0	30.0	0.0	0.0	0.0	0.0	0.0	0.0	29.0	4.0	24.0	0.0	0.0	0.0	0.0	35.0	0.0	11.0	49.0	17.0	30.0
OTU_135	0.0	0.0	0.0	0.0	110.0	20.0	0.0	0.0	1.0	0.0	37.0	9.0	3.0	0.0	0.0	0.0	0.0	0.0	0.0	0.0	0.0	0.0	5.0	2.0
OTU_136	2.0	2.0	0.0	6.0	179.0	0.0	0.0	0.0	16.0	8.0	2.0	0.0	1.0	0.0	0.0	0.0	0.0	8.0	6.0	0.0	0.0	0.0	23.0	1.0
OTU_138	0.0	0.0	0.0	0.0	0.0	0.0	0.0	0.0	70.0	4.0	25.0	46.0	3.0	0.0	0.0	0.0	1.0	129.0	0.0	0.0	0.0	0.0	3.0	19.0
OTU_139	0.0	0.0	0.0	0.0	0.0	60.0	77.0	65.0	21.0	7.0	0.0	4.0	0.0	0.0	0.0	0.0	0.0	54.0	0.0	0.0	0.0	0.0	18.0	0.0
OTU_1394	7.0	0.0	0.0	0.0	0.0	0.0	0.0	0.0	0.0	4.0	2.0	0.0	2.0	0.0	0.0	0.0	0.0	9.0	0.0	0.0	0.0	0.0	5.0	2.0
OTU_14	0.0	0.0	0.0	1801.0	0.0	0.0	0.0	0.0	0.0	0.0	0.0	4.0	5.0	4.0	0.0	0.0	0.0	1.0	0.0	0.0	2.0	1122.0	0.0	0.0
OTU_140	0.0	0.0	0.0	0.0	0.0	6.0	1.0	121.0	137.0	9.0	0.0	1.0	0.0	0.0	0.0	2.0	0.0	0.0	0.0	0.0	0.0	0.0	30.0	2.0
OTU_141	7.0	0.0	0.0	2.0	0.0	8.0	5.0	0.0	9.0	1.0	5.0	2.0	0.0	17.0	0.0	353.0	0.0	0.0	39.0	48.0	0.0	60.0	0.0	0.0
OTU_1414	0.0	0.0	1.0	0.0	0.0	1.0	0.0	9.0	4.0	0.0	1.0	1.0	2.0	0.0	2.0	0.0	0.0	0.0	0.0	1.0	1.0	0.0	2.0	7.0
OTU_144	2.0	0.0	22.0	1.0	0.0	0.0	144.0	17.0	24.0	25.0	3.0	0.0	0.0	0.0	0.0	0.0	0.0	2.0	8.0	88.0	0.0	7.0	0.0	0.0
OTU_145	2.0	0.0	7.0	0.0	0.0	0.0	0.0	0.0	0.0	2.0	2.0	0.0	36.0	0.0	1.0	0.0	0.0	0.0	0.0	0.0	3.0	0.0	2.0	50.0
OTU_147	59.0	1.0	15.0	1.0	0.0	0.0	0.0	0.0	0.0	0.0	13.0	8.0	19.0	20.0	0.0	0.0	0.0	0.0	0.0	0.0	44.0	0.0	0.0	25.0
OTU_148	26.0	0.0	12.0	89.0	0.0	0.0	0.0	0.0	0.0	14.0	3.0	35.0	19.0	1.0	0.0	0.0	20.0	0.0	0.0	0.0	22.0	23.0	0.0	29.0
OTU_149	0.0	0.0	0.0	0.0	0.0	0.0	0.0	0.0	29.0	7.0	15.0	0.0	2.0	0.0	0.0	0.0	298.0	143.0	0.0	0.0	0.0	0.0	0.0	1.0
OTU_15	426.0	431.0	134.0	11.0	0.0	0.0	0.0	0.0	0.0	0.0	20.0	22.0	75.0	0.0	0.0	0.0	0.0	0.0	3.0	0.0	933.0	0.0	33.0	33.0
OTU_151	11.0	0.0	0.0	0.0	0.0	0.0	0.0	0.0	0.0	28.0	2.0	26.0	1.0	0.0	0.0	0.0	0.0	0.0	0.0	0.0	0.0	0.0	157.0	28.0
OTU_152	0.0	0.0	0.0	0.0	0.0	18.0	57.0	47.0	29.0	9.0	1.0	0.0	0.0	0.0	0.0	11.0	4.0	13.0	0.0	120.0	0.0	0.0	5.0	0.0
OTU_154	60.0	0.0	43.0	33.0	0.0	0.0	0.0	0.0	0.0	0.0	1.0	0.0	20.0	21.0	0.0	0.0	0.0	0.0	0.0	0.0	16.0	0.0	0.0	13.0
OTU_1542	5.0	5.0	2.0	0.0	0.0	46.0	114.0	0.0	0.0	21.0	21.0	12.0	42.0	0.0	0.0	0.0	0.0	2.0	39.0	135.0	6.0	2.0	0.0	8.0
OTU_156	0.0	0.0	0.0	0.0	0.0	0.0	0.0	0.0	107.0	0.0	12.0	0.0	5.0	0.0	0.0	0.0	0.0	109.0	3.0	0.0	0.0	0.0	21.0	13.0
OTU_157	0.0	43.0	90.0	71.0	0.0	0.0	0.0	0.0	0.0	0.0	1.0	0.0	2.0	17.0	0.0	0.0	0.0	0.0	0.0	0.0	37.0	0.0	0.0	0.0
OTU_158	18.0	102.0	7.0	35.0	0.0	0.0	0.0	0.0	1.0	5.0	14.0	11.0	7.0	18.0	0.0	0.0	4.0	6.0	1.0	0.0	0.0	0.0	0.0	5.0
OTU_159	49.0	58.0	4.0	2.0	0.0	0.0	0.0	0.0	6.0	15.0	0.0	5.0	77.0	0.0	2.0	0.0	2.0	7.0	0.0	0.0	7.0	0.0	12.0	0.0
OTU_16	182.0	298.0	164.0	109.0	0.0	0.0	0.0	3.0	47.0	41.0	43.0	202.0	209.0	157.0	2.0	0.0	0.0	15.0	0.0	74.0	273.0	14.0	17.0	215.0
OTU_160	0.0	0.0	0.0	0.0	0.0	0.0	95.0	105.0	11.0	76.0	1.0	2.0	0.0	0.0	2.0	6.0	105.0	16.0	0.0	0.0	0.0	0.0	0.0	1.0
OTU_162	46.0	5.0	17.0	6.0	0.0	0.0	0.0	4.0	0.0	18.0	7.0	5.0	24.0	3.0	0.0	0.0	0.0	0.0	0.0	0.0	20.0	11.0	23.0	23.0
OTU_164	62.0	53.0	9.0	0.0	8.0	0.0	0.0	0.0	3.0	0.0	1.0	9.0	16.0	0.0	0.0	0.0	0.0	0.0	0.0	0.0	6.0	0.0	2.0	2.0
OTU_1652	0.0	0.0	0.0	0.0	0.0	0.0	4.0	0.0	0.0	9.0	0.0	0.0	1.0	0.0	41.0	0.0	0.0	10.0	0.0	22.0	0.0	0.0	9.0	0.0
OTU_166	1.0	2.0	48.0	40.0	8.0	17.0	0.0	0.0	8.0	27.0	10.0	16.0	11.0	5.0	0.0	0.0	0.0	31.0	6.0	1.0	1.0	14.0	9.0	7.0
OTU_168	23.0	30.0	19.0	16.0	0.0	0.0	0.0	0.0	0.0	0.0	0.0	0.0	11.0	96.0	0.0	0.0	0.0	0.0	0.0	0.0	37.0	21.0	0.0	0.0
OTU_17	0.0	0.0	3.0	2020.0	0.0	0.0	0.0	97.0	67.0	44.0	3.0	0.0	0.0	0.0	0.0	0.0	30.0	36.0	94.0	0.0	0.0	16.0	0.0	0.0
OTU_170	37.0	0.0	2.0	30.0	0.0	8.0	0.0	0.0	7.0	0.0	1.0	4.0	25.0	51.0	0.0	23.0	0.0	0.0	0.0	0.0	2.0	19.0	3.0	0.0
OTU_171	13.0	0.0	0.0	2.0	5.0	39.0	0.0	0.0	0.0	0.0	29.0	0.0	8.0	19.0	0.0	0.0	0.0	0.0	0.0	0.0	3.0	0.0	0.0	44.0
OTU_174	11.0	32.0	19.0	2.0	0.0	0.0	2.0	0.0	0.0	0.0	4.0	7.0	6.0	87.0	0.0	0.0	0.0	0.0	234.0	0.0	6.0	28.0	4.0	0.0
OTU_175	12.0	2.0	18.0	3.0	0.0	0.0	0.0	0.0	0.0	0.0	3.0	0.0	26.0	0.0	0.0	0.0	0.0	0.0	0.0	0.0	5.0	141.0	0.0	9.0
OTU_176	0.0	0.0	1.0	1.0	55.0	0.0	27.0	21.0	12.0	19.0	7.0	0.0	1.0	0.0	209.0	0.0	0.0	1.0	20.0	21.0	0.0	0.0	13.0	3.0
OTU_177	7.0	82.0	0.0	11.0	0.0	0.0	0.0	0.0	34.0	7.0	15.0	14.0	1.0	0.0	0.0	0.0	0.0	0.0	0.0	0.0	0.0	20.0	0.0	24.0
OTU_18	40.0	6.0	3.0	52.0	0.0	37.0	221.0	28.0	40.0	79.0	57.0	26.0	17.0	0.0	0.0	50.0	152.0	43.0	30.0	503.0	0.0	53.0	129.0	75.0
OTU_180	65.0	0.0	29.0	2.0	0.0	0.0	0.0	0.0	0.0	0.0	0.0	3.0	1.0	21.0	0.0	0.0	0.0	0.0	172.0	0.0	0.0	0.0	18.0	0.0
OTU_1802	21.0	0.0	4.0	1.0	0.0	0.0	0.0	0.0	0.0	1.0	1.0	14.0	14.0	0.0	0.0	0.0	0.0	0.0	0.0	0.0	11.0	0.0	0.0	6.0
OTU_181	0.0	0.0	0.0	4.0	0.0	24.0	0.0	11.0	0.0	25.0	0.0	25.0	7.0	0.0	36.0	2.0	21.0	19.0	0.0	20.0	0.0	0.0	25.0	4.0
OTU_182	10.0	4.0	20.0	45.0	0.0	0.0	6.0	9.0	5.0	0.0	0.0	0.0	0.0	0.0	0.0	0.0	0.0	136.0	1.0	0.0	18.0	9.0	19.0	0.0
OTU_183	0.0	9.0	113.0	4.0	54.0	0.0	0.0	3.0	29.0	10.0	7.0	0.0	1.0	0.0	0.0	0.0	11.0	0.0	80.0	0.0	0.0	0.0	0.0	1.0
OTU_184	0.0	22.0	0.0	1.0	0.0	32.0	70.0	0.0	0.0	4.0	0.0	0.0	0.0	0.0	0.0	0.0	11.0	0.0	0.0	122.0	0.0	0.0	0.0	0.0
OTU_185	0.0	0.0	0.0	0.0	0.0	0.0	0.0	5.0	0.0	0.0	47.0	0.0	1.0	0.0	0.0	83.0	116.0	31.0	0.0	98.0	0.0	0.0	10.0	2.0
OTU_188	1.0	0.0	0.0	0.0	0.0	0.0	0.0	11.0	79.0	25.0	3.0	0.0	30.0	0.0	0.0	141.0	0.0	5.0	0.0	0.0	0.0	0.0	0.0	5.0
OTU_189	0.0	116.0	7.0	12.0	0.0	0.0	0.0	0.0	0.0	3.0	9.0	0.0	0.0	0.0	0.0	0.0	0.0	0.0	1.0	0.0	3.0	0.0	117.0	7.0
OTU_19	0.0	3.0	2.0	504.0	0.0	35.0	109.0	164.0	137.0	120.0	109.0	14.0	0.0	0.0	0.0	881.0	101.0	15.0	0.0	118.0	4.0	96.0	0.0	6.0
OTU_190	0.0	0.0	0.0	0.0	0.0	0.0	0.0	16.0	0.0	0.0	7.0	0.0	8.0	0.0	0.0	1.0	419.0	9.0	0.0	0.0	0.0	0.0	0.0	4.0
OTU_192	0.0	0.0	0.0	0.0	0.0	103.0	18.0	62.0	2.0	3.0	0.0	0.0	0.0	0.0	0.0	95.0	2.0	35.0	1.0	0.0	0.0	0.0	16.0	0.0
OTU_193	35.0	48.0	5.0	3.0	0.0	0.0	0.0	0.0	0.0	6.0	7.0	0.0	31.0	33.0	0.0	0.0	0.0	0.0	0.0	0.0	39.0	0.0	0.0	4.0
OTU_1942	17.0	46.0	13.0	4.0	0.0	0.0	0.0	0.0	4.0	0.0	3.0	2.0	5.0	18.0	0.0	0.0	0.0	0.0	0.0	0.0	5.0	0.0	0.0	13.0
OTU_195	1.0	190.0	2.0	10.0	0.0	0.0	0.0	0.0	0.0	0.0	17.0	20.0	1.0	3.0	0.0	0.0	0.0	0.0	0.0	0.0	6.0	2.0	0.0	11.0
OTU_198	35.0	0.0	10.0	13.0	0.0	0.0	0.0	0.0	0.0	15.0	1.0	10.0	25.0	26.0	0.0	0.0	0.0	0.0	0.0	0.0	26.0	0.0	5.0	22.0
OTU_199	0.0	0.0	0.0	0.0	0.0	0.0	0.0	0.0	22.0	50.0	7.0	0.0	9.0	2.0	0.0	172.0	0.0	0.0	0.0	0.0	0.0	0.0	0.0	4.0
OTU_1991	0.0	0.0	0.0	0.0	0.0	0.0	17.0	0.0	0.0	24.0	10.0	0.0	2.0	3.0	0.0	0.0	0.0	47.0	0.0	0.0	6.0	0.0	0.0	0.0
OTU_2	271.0	134.0	1784.0	86.0	0.0	14.0	0.0	9.0	0.0	20.0	8.0	347.0	1709.0	1526.0	3.0	9.0	15.0	2.0	100.0	0.0	908.0	58.0	54.0	206.0
OTU_203	0.0	0.0	6.0	0.0	0.0	0.0	0.0	0.0	0.0	1.0	2.0	53.0	27.0	3.0	0.0	0.0	0.0	0.0	0.0	0.0	15.0	41.0	2.0	17.0
OTU_204	3.0	0.0	8.0	21.0	0.0	41.0	0.0	0.0	0.0	1.0	0.0	0.0	1.0	0.0	0.0	0.0	0.0	143.0	0.0	0.0	0.0	0.0	60.0	5.0
OTU_206	0.0	0.0	13.0	5.0	0.0	6.0	19.0	15.0	11.0	4.0	13.0	88.0	4.0	7.0	0.0	0.0	0.0	18.0	0.0	0.0	7.0	0.0	19.0	7.0
OTU_208	1.0	0.0	37.0	10.0	0.0	0.0	0.0	0.0	0.0	0.0	0.0	0.0	4.0	9.0	0.0	0.0	0.0	0.0	0.0	0.0	3.0	136.0	0.0	0.0
OTU_2086	17.0	0.0	6.0	0.0	0.0	0.0	0.0	0.0	0.0	0.0	0.0	8.0	4.0	2.0	0.0	0.0	0.0	0.0	0.0	0.0	11.0	0.0	2.0	5.0
OTU_209	0.0	26.0	1.0	2.0	0.0	6.0	8.0	41.0	6.0	22.0	7.0	16.0	1.0	0.0	0.0	1.0	0.0	6.0	0.0	0.0	2.0	7.0	42.0	7.0
OTU_21	59.0	0.0	0.0	22.0	0.0	0.0	25.0	0.0	0.0	3.0	135.0	5.0	43.0	0.0	0.0	82.0	162.0	5.0	14.0	967.0	36.0	185.0	19.0	12.0
OTU_211	33.0	41.0	5.0	1.0	0.0	0.0	0.0	0.0	0.0	0.0	9.0	20.0	19.0	13.0	0.0	0.0	0.0	0.0	0.0	0.0	3.0	0.0	0.0	14.0
OTU_212	0.0	0.0	0.0	0.0	126.0	0.0	0.0	6.0	7.0	3.0	2.0	1.0	0.0	0.0	0.0	5.0	8.0	1.0	0.0	0.0	1.0	2.0	0.0	3.0
OTU_213	0.0	23.0	0.0	10.0	0.0	0.0	0.0	0.0	0.0	0.0	14.0	23.0	2.0	4.0	0.0	0.0	0.0	0.0	0.0	0.0	32.0	29.0	2.0	22.0
OTU_214	0.0	0.0	0.0	6.0	0.0	8.0	6.0	83.0	50.0	1.0	6.0	0.0	5.0	0.0	0.0	0.0	0.0	1.0	0.0	1.0	0.0	0.0	7.0	4.0
OTU_2150	0.0	0.0	0.0	0.0	0.0	0.0	55.0	0.0	2.0	0.0	7.0	2.0	0.0	0.0	0.0	0.0	22.0	28.0	0.0	61.0	0.0	0.0	0.0	6.0
OTU_216	19.0	88.0	0.0	12.0	0.0	0.0	0.0	0.0	0.0	3.0	34.0	32.0	0.0	0.0	0.0	0.0	0.0	0.0	0.0	0.0	2.0	0.0	0.0	14.0
OTU_217	2.0	0.0	0.0	1.0	61.0	29.0	0.0	0.0	0.0	0.0	10.0	0.0	0.0	0.0	0.0	0.0	0.0	0.0	32.0	0.0	4.0	0.0	25.0	14.0
OTU_219	22.0	4.0	2.0	0.0	0.0	0.0	0.0	0.0	0.0	9.0	13.0	14.0	8.0	0.0	0.0	0.0	0.0	0.0	0.0	0.0	0.0	0.0	0.0	15.0
OTU_22	155.0	10.0	76.0	1.0	0.0	0.0	0.0	17.0	14.0	35.0	11.0	131.0	57.0	232.0	449.0	0.0	17.0	2.0	0.0	0.0	95.0	224.0	268.0	13.0
OTU_221	0.0	0.0	0.0	0.0	0.0	11.0	104.0	7.0	6.0	2.0	0.0	0.0	0.0	0.0	0.0	0.0	135.0	2.0	0.0	16.0	0.0	0.0	2.0	0.0
OTU_2223	0.0	0.0	3.0	6.0	0.0	5.0	0.0	0.0	10.0	4.0	2.0	0.0	4.0	0.0	48.0	0.0	0.0	3.0	17.0	18.0	1.0	8.0	5.0	2.0
OTU_224	1.0	11.0	7.0	25.0	1.0	0.0	0.0	0.0	28.0	113.0	29.0	18.0	15.0	0.0	0.0	0.0	0.0	8.0	0.0	1.0	0.0	1.0	24.0	41.0
OTU_225	0.0	0.0	0.0	0.0	0.0	16.0	5.0	0.0	0.0	1.0	2.0	0.0	2.0	0.0	0.0	0.0	28.0	2.0	18.0	85.0	0.0	0.0	0.0	3.0
OTU_227	6.0	7.0	1.0	5.0	0.0	0.0	0.0	0.0	8.0	0.0	0.0	0.0	11.0	3.0	0.0	0.0	0.0	10.0	0.0	98.0	0.0	0.0	5.0	0.0
OTU_228	0.0	0.0	2.0	14.0	0.0	0.0	0.0	0.0	17.0	22.0	26.0	0.0	1.0	0.0	0.0	1.0	0.0	38.0	0.0	24.0	0.0	94.0	8.0	4.0
OTU_2297	8.0	0.0	5.0	1.0	0.0	0.0	0.0	0.0	0.0	0.0	3.0	17.0	12.0	0.0	0.0	0.0	0.0	0.0	0.0	0.0	0.0	16.0	0.0	14.0
OTU_23	484.0	72.0	132.0	14.0	0.0	0.0	0.0	0.0	0.0	0.0	1.0	0.0	19.0	66.0	0.0	0.0	0.0	0.0	0.0	0.0	315.0	0.0	0.0	26.0
OTU_230	0.0	0.0	1.0	0.0	0.0	40.0	3.0	10.0	16.0	12.0	5.0	2.0	3.0	0.0	0.0	0.0	22.0	1.0	0.0	0.0	3.0	1.0	30.0	5.0
OTU_2318	11.0	1.0	0.0	0.0	0.0	15.0	7.0	0.0	15.0	6.0	5.0	0.0	0.0	7.0	0.0	0.0	0.0	17.0	0.0	0.0	5.0	0.0	0.0	3.0
OTU_232	0.0	0.0	0.0	0.0	0.0	0.0	0.0	0.0	20.0	32.0	3.0	204.0	2.0	0.0	0.0	0.0	0.0	0.0	0.0	0.0	0.0	2.0	1.0	0.0
OTU_234	10.0	0.0	2.0	19.0	0.0	0.0	0.0	0.0	0.0	1.0	4.0	0.0	10.0	0.0	0.0	0.0	0.0	0.0	0.0	0.0	4.0	48.0	22.0	6.0
OTU_237	43.0	21.0	8.0	11.0	0.0	0.0	9.0	0.0	0.0	0.0	1.0	1.0	0.0	0.0	0.0	0.0	0.0	18.0	0.0	12.0	5.0	7.0	0.0	6.0
OTU_238	19.0	0.0	7.0	0.0	0.0	0.0	0.0	0.0	6.0	0.0	1.0	0.0	21.0	81.0	0.0	0.0	0.0	0.0	0.0	0.0	24.0	0.0	9.0	5.0
OTU_24	0.0	0.0	1.0	0.0	61.0	186.0	3.0	0.0	0.0	1.0	9.0	0.0	1.0	0.0	0.0	0.0	0.0	0.0	0.0	813.0	0.0	0.0	0.0	0.0
OTU_240	21.0	0.0	4.0	0.0	0.0	0.0	0.0	0.0	0.0	0.0	3.0	1.0	10.0	33.0	0.0	0.0	0.0	0.0	0.0	0.0	57.0	0.0	0.0	0.0
OTU_242	0.0	0.0	0.0	0.0	0.0	0.0	22.0	9.0	0.0	43.0	25.0	8.0	8.0	0.0	0.0	0.0	0.0	11.0	0.0	0.0	0.0	0.0	0.0	16.0
OTU_243	3.0	0.0	15.0	3.0	0.0	0.0	0.0	0.0	0.0	0.0	2.0	42.0	22.0	0.0	0.0	0.0	0.0	0.0	0.0	0.0	2.0	0.0	5.0	23.0
OTU_244	15.0	27.0	3.0	0.0	0.0	0.0	5.0	0.0	19.0	58.0	6.0	4.0	3.0	0.0	0.0	0.0	7.0	4.0	0.0	0.0	3.0	0.0	0.0	17.0
OTU_2456	0.0	0.0	0.0	0.0	0.0	0.0	0.0	0.0	0.0	1.0	3.0	5.0	22.0	1.0	0.0	0.0	2.0	0.0	0.0	0.0	0.0	0.0	12.0	7.0
OTU_246	0.0	0.0	0.0	0.0	1.0	0.0	45.0	39.0	49.0	13.0	8.0	2.0	0.0	0.0	0.0	0.0	0.0	13.0	0.0	0.0	0.0	0.0	4.0	11.0
OTU_2473	6.0	2.0	1.0	3.0	0.0	0.0	0.0	0.0	0.0	0.0	0.0	0.0	4.0	27.0	0.0	0.0	0.0	0.0	0.0	0.0	9.0	1.0	10.0	0.0
OTU_248	0.0	0.0	0.0	0.0	0.0	0.0	2.0	23.0	6.0	0.0	1.0	0.0	0.0	0.0	0.0	0.0	4.0	6.0	12.0	59.0	0.0	0.0	0.0	0.0
OTU_2488	3.0	5.0	0.0	0.0	0.0	0.0	0.0	0.0	11.0	21.0	4.0	0.0	6.0	0.0	0.0	0.0	0.0	0.0	0.0	0.0	0.0	0.0	0.0	1.0
OTU_249	7.0	0.0	0.0	0.0	0.0	0.0	0.0	0.0	0.0	7.0	0.0	10.0	3.0	4.0	1.0	0.0	226.0	0.0	0.0	0.0	0.0	0.0	35.0	0.0
OTU_2496	0.0	0.0	1.0	0.0	0.0	1.0	0.0	1.0	1.0	2.0	0.0	0.0	0.0	0.0	0.0	0.0	0.0	2.0	0.0	0.0	0.0	0.0	0.0	2.0
OTU_25	28.0	7.0	637.0	58.0	0.0	0.0	0.0	0.0	0.0	0.0	1.0	0.0	120.0	22.0	1.0	0.0	0.0	0.0	1.0	1.0	113.0	135.0	0.0	6.0
OTU_250	0.0	15.0	0.0	0.0	0.0	5.0	30.0	0.0	10.0	8.0	15.0	4.0	6.0	0.0	2.0	0.0	12.0	9.0	0.0	0.0	0.0	0.0	37.0	7.0
OTU_251	0.0	29.0	0.0	0.0	0.0	4.0	0.0	0.0	13.0	4.0	1.0	11.0	0.0	0.0	0.0	0.0	139.0	2.0	0.0	11.0	0.0	0.0	18.0	1.0
OTU_2519	4.0	8.0	0.0	1.0	0.0	0.0	33.0	0.0	0.0	0.0	7.0	0.0	3.0	7.0	0.0	0.0	0.0	6.0	0.0	0.0	3.0	5.0	0.0	16.0
OTU_252	0.0	0.0	0.0	1.0	0.0	0.0	45.0	0.0	8.0	12.0	6.0	2.0	0.0	0.0	0.0	0.0	257.0	56.0	5.0	59.0	0.0	0.0	1.0	4.0
OTU_254	1.0	18.0	0.0	9.0	0.0	0.0	40.0	44.0	25.0	2.0	5.0	6.0	0.0	0.0	0.0	0.0	66.0	15.0	0.0	0.0	0.0	0.0	0.0	10.0
OTU_255	19.0	11.0	1.0	2.0	0.0	0.0	0.0	0.0	11.0	0.0	18.0	3.0	3.0	0.0	0.0	0.0	0.0	0.0	0.0	0.0	7.0	0.0	0.0	17.0
OTU_256	0.0	0.0	0.0	0.0	0.0	16.0	12.0	0.0	1.0	0.0	3.0	0.0	0.0	0.0	350.0	0.0	0.0	1.0	0.0	2.0	1.0	0.0	0.0	1.0
OTU_26	71.0	258.0	198.0	29.0	0.0	18.0	40.0	17.0	62.0	75.0	42.0	4.0	85.0	39.0	111.0	83.0	26.0	49.0	152.0	43.0	46.0	57.0	54.0	61.0
OTU_262	0.0	0.0	0.0	0.0	0.0	0.0	1.0	11.0	0.0	24.0	6.0	0.0	1.0	0.0	0.0	0.0	0.0	46.0	0.0	0.0	0.0	0.0	16.0	15.0
OTU_2624	0.0	0.0	1.0	0.0	0.0	0.0	0.0	0.0	3.0	3.0	4.0	0.0	0.0	0.0	0.0	0.0	0.0	0.0	7.0	36.0	0.0	0.0	0.0	1.0
OTU_263	35.0	0.0	0.0	0.0	0.0	0.0	0.0	0.0	0.0	0.0	4.0	23.0	7.0	0.0	0.0	0.0	1.0	0.0	0.0	0.0	5.0	0.0	0.0	17.0
OTU_264	0.0	0.0	0.0	1.0	0.0	0.0	0.0	0.0	0.0	0.0	73.0	2.0	0.0	0.0	0.0	0.0	0.0	13.0	4.0	0.0	0.0	0.0	6.0	1.0
OTU_2642	1.0	17.0	0.0	2.0	0.0	0.0	0.0	0.0	0.0	0.0	4.0	0.0	3.0	0.0	0.0	0.0	0.0	0.0	0.0	0.0	0.0	6.0	0.0	8.0
OTU_267	0.0	0.0	2.0	0.0	0.0	0.0	63.0	94.0	10.0	5.0	0.0	8.0	1.0	0.0	0.0	0.0	1.0	87.0	0.0	0.0	1.0	8.0	9.0	1.0
OTU_268	3.0	0.0	0.0	0.0	0.0	0.0	0.0	0.0	29.0	15.0	26.0	0.0	1.0	0.0	0.0	0.0	0.0	0.0	0.0	0.0	0.0	0.0	14.0	10.0
OTU_2697	14.0	6.0	2.0	3.0	0.0	0.0	0.0	0.0	0.0	5.0	7.0	4.0	40.0	21.0	0.0	0.0	0.0	0.0	0.0	0.0	1.0	0.0	0.0	21.0
OTU_27	18.0	118.0	14.0	81.0	57.0	90.0	53.0	169.0	86.0	35.0	31.0	45.0	25.0	50.0	0.0	0.0	165.0	33.0	16.0	19.0	30.0	82.0	12.0	91.0
OTU_2732	5.0	1.0	2.0	0.0	0.0	0.0	0.0	3.0	0.0	42.0	0.0	0.0	5.0	0.0	0.0	0.0	0.0	0.0	0.0	0.0	0.0	1.0	0.0	7.0
OTU_275	0.0	0.0	0.0	1.0	0.0	0.0	0.0	0.0	0.0	0.0	15.0	21.0	0.0	4.0	0.0	0.0	0.0	0.0	0.0	0.0	2.0	0.0	32.0	32.0
OTU_277	0.0	0.0	0.0	0.0	0.0	14.0	11.0	17.0	1.0	25.0	4.0	3.0	1.0	0.0	19.0	11.0	182.0	23.0	0.0	63.0	0.0	0.0	3.0	2.0
OTU_2774	0.0	0.0	1.0	0.0	0.0	0.0	1.0	1.0	29.0	63.0	5.0	0.0	4.0	0.0	0.0	0.0	6.0	7.0	0.0	0.0	0.0	20.0	5.0	0.0
OTU_28	195.0	257.0	76.0	3.0	0.0	0.0	0.0	0.0	69.0	170.0	20.0	75.0	121.0	61.0	0.0	0.0	1.0	0.0	0.0	0.0	103.0	83.0	19.0	36.0
OTU_280	10.0	0.0	0.0	0.0	0.0	0.0	0.0	0.0	10.0	45.0	12.0	0.0	14.0	0.0	0.0	0.0	8.0	15.0	0.0	0.0	5.0	0.0	6.0	8.0
OTU_282	10.0	0.0	0.0	0.0	0.0	0.0	0.0	0.0	0.0	14.0	9.0	1.0	17.0	0.0	0.0	0.0	0.0	0.0	0.0	0.0	13.0	0.0	0.0	13.0
OTU_286	0.0	0.0	10.0	0.0	0.0	0.0	0.0	0.0	0.0	6.0	35.0	8.0	9.0	0.0	0.0	0.0	0.0	22.0	0.0	0.0	0.0	0.0	0.0	12.0
OTU_289	33.0	0.0	2.0	0.0	0.0	0.0	0.0	0.0	0.0	0.0	5.0	14.0	18.0	0.0	0.0	0.0	0.0	0.0	0.0	0.0	6.0	0.0	0.0	7.0
OTU_29	3.0	329.0	4.0	0.0	0.0	0.0	49.0	19.0	182.0	268.0	148.0	1.0	4.0	0.0	347.0	606.0	0.0	0.0	1.0	0.0	0.0	1.0	67.0	81.0
OTU_2909	1.0	0.0	0.0	0.0	0.0	31.0	0.0	0.0	0.0	0.0	2.0	0.0	0.0	0.0	0.0	0.0	0.0	1.0	0.0	0.0	2.0	0.0	32.0	1.0
OTU_292	7.0	23.0	0.0	2.0	0.0	0.0	0.0	0.0	0.0	0.0	3.0	6.0	16.0	17.0	0.0	0.0	0.0	0.0	0.0	0.0	9.0	13.0	17.0	4.0
OTU_293	29.0	2.0	1.0	0.0	0.0	0.0	0.0	0.0	0.0	0.0	3.0	0.0	2.0	0.0	0.0	0.0	0.0	0.0	0.0	0.0	0.0	0.0	1.0	13.0
OTU_294	3.0	43.0	6.0	0.0	0.0	0.0	0.0	0.0	12.0	0.0	13.0	4.0	7.0	1.0	0.0	0.0	0.0	0.0	0.0	0.0	5.0	0.0	21.0	8.0
OTU_295	0.0	0.0	0.0	0.0	0.0	0.0	1.0	22.0	25.0	2.0	1.0	0.0	0.0	0.0	0.0	0.0	4.0	33.0	0.0	0.0	0.0	0.0	28.0	1.0
OTU_2976	8.0	25.0	26.0	4.0	12.0	1.0	5.0	38.0	39.0	60.0	18.0	3.0	13.0	5.0	0.0	0.0	65.0	12.0	0.0	7.0	4.0	1.0	10.0	9.0
OTU_3	140.0	100.0	143.0	147.0	0.0	0.0	663.0	747.0	622.0	245.0	164.0	272.0	228.0	98.0	488.0	53.0	79.0	58.0	0.0	370.0	68.0	101.0	114.0	86.0
OTU_30	217.0	76.0	53.0	17.0	0.0	0.0	0.0	0.0	5.0	0.0	44.0	83.0	79.0	33.0	0.0	0.0	0.0	0.0	0.0	0.0	182.0	14.0	84.0	88.0
OTU_302	29.0	0.0	5.0	0.0	0.0	0.0	0.0	0.0	0.0	0.0	0.0	18.0	8.0	1.0	0.0	0.0	0.0	0.0	0.0	0.0	5.0	0.0	0.0	2.0
OTU_303	2.0	9.0	0.0	1.0	0.0	0.0	0.0	0.0	0.0	0.0	25.0	0.0	2.0	0.0	0.0	0.0	0.0	0.0	0.0	0.0	2.0	0.0	1.0	16.0
OTU_305	0.0	0.0	2.0	1.0	0.0	0.0	0.0	0.0	0.0	0.0	13.0	0.0	1.0	27.0	0.0	0.0	0.0	0.0	0.0	0.0	0.0	0.0	6.0	11.0
OTU_308	4.0	1.0	16.0	6.0	0.0	0.0	0.0	20.0	2.0	2.0	0.0	1.0	17.0	0.0	0.0	0.0	0.0	12.0	0.0	0.0	8.0	0.0	4.0	8.0
OTU_309	20.0	0.0	0.0	0.0	0.0	0.0	0.0	0.0	0.0	0.0	4.0	3.0	18.0	15.0	0.0	0.0	0.0	0.0	0.0	0.0	25.0	0.0	0.0	1.0
OTU_31	37.0	0.0	2.0	0.0	211.0	19.0	0.0	0.0	24.0	94.0	95.0	18.0	55.0	0.0	235.0	141.0	190.0	20.0	0.0	271.0	2.0	0.0	62.0	31.0
OTU_3107	0.0	0.0	1.0	1.0	0.0	0.0	0.0	0.0	0.0	0.0	0.0	0.0	2.0	0.0	0.0	0.0	0.0	1.0	0.0	0.0	2.0	0.0	1.0	1.0
OTU_315	0.0	0.0	0.0	6.0	0.0	0.0	12.0	0.0	0.0	4.0	10.0	0.0	0.0	0.0	0.0	0.0	0.0	57.0	0.0	20.0	0.0	0.0	22.0	3.0
OTU_318	0.0	0.0	0.0	0.0	0.0	0.0	4.0	0.0	28.0	0.0	1.0	0.0	0.0	35.0	1.0	0.0	0.0	0.0	0.0	0.0	1.0	0.0	0.0	11.0
OTU_32	41.0	69.0	41.0	146.0	534.0	658.0	4.0	1.0	4.0	35.0	43.0	0.0	11.0	0.0	1.0	1.0	3.0	64.0	1.0	0.0	6.0	34.0	0.0	25.0
OTU_320	20.0	0.0	12.0	0.0	0.0	0.0	0.0	0.0	0.0	0.0	14.0	82.0	28.0	0.0	1.0	0.0	0.0	0.0	0.0	0.0	9.0	0.0	90.0	30.0
OTU_321	33.0	0.0	21.0	1.0	0.0	0.0	0.0	0.0	0.0	0.0	5.0	0.0	16.0	35.0	0.0	0.0	0.0	0.0	0.0	0.0	12.0	0.0	0.0	4.0
OTU_324	16.0	0.0	20.0	0.0	0.0	0.0	0.0	0.0	0.0	0.0	0.0	0.0	8.0	16.0	0.0	0.0	0.0	0.0	0.0	0.0	16.0	13.0	0.0	4.0
OTU_328	11.0	0.0	1.0	0.0	0.0	0.0	0.0	0.0	0.0	3.0	2.0	0.0	28.0	0.0	0.0	0.0	0.0	0.0	0.0	0.0	7.0	0.0	5.0	1.0
OTU_332	1.0	0.0	0.0	0.0	0.0	0.0	0.0	6.0	38.0	11.0	0.0	22.0	1.0	0.0	0.0	0.0	0.0	11.0	0.0	0.0	0.0	0.0	2.0	6.0
OTU_333	2.0	0.0	1.0	0.0	0.0	0.0	5.0	3.0	30.0	6.0	1.0	10.0	1.0	0.0	0.0	0.0	38.0	5.0	0.0	18.0	2.0	6.0	3.0	2.0
OTU_335	8.0	0.0	0.0	0.0	0.0	0.0	0.0	0.0	2.0	3.0	13.0	15.0	0.0	0.0	0.0	0.0	0.0	0.0	0.0	0.0	1.0	0.0	0.0	11.0
OTU_337	0.0	0.0	0.0	20.0	6.0	0.0	0.0	0.0	0.0	7.0	0.0	0.0	1.0	0.0	0.0	0.0	72.0	0.0	178.0	0.0	0.0	20.0	4.0	1.0
OTU_338	5.0	19.0	1.0	1.0	0.0	0.0	0.0	0.0	12.0	0.0	2.0	2.0	13.0	7.0	0.0	6.0	0.0	10.0	0.0	0.0	7.0	0.0	0.0	5.0
OTU_34	36.0	42.0	12.0	86.0	0.0	0.0	0.0	0.0	0.0	11.0	0.0	27.0	7.0	147.0	0.0	0.0	0.0	0.0	33.0	37.0	61.0	789.0	10.0	0.0
OTU_340	6.0	0.0	1.0	0.0	0.0	8.0	15.0	0.0	0.0	21.0	6.0	9.0	8.0	0.0	0.0	0.0	0.0	15.0	0.0	0.0	0.0	0.0	0.0	44.0
OTU_341	0.0	0.0	0.0	0.0	0.0	0.0	6.0	1.0	23.0	0.0	0.0	13.0	0.0	0.0	0.0	0.0	0.0	1.0	0.0	22.0	0.0	0.0	10.0	1.0
OTU_3418	1.0	0.0	2.0	0.0	0.0	0.0	0.0	0.0	0.0	1.0	1.0	1.0	0.0	0.0	0.0	0.0	0.0	1.0	0.0	0.0	1.0	1.0	0.0	2.0
OTU_342	2.0	0.0	0.0	0.0	0.0	0.0	0.0	0.0	0.0	0.0	7.0	11.0	4.0	0.0	0.0	0.0	0.0	0.0	0.0	0.0	8.0	0.0	16.0	21.0
OTU_344	0.0	0.0	0.0	0.0	0.0	0.0	28.0	2.0	29.0	8.0	13.0	0.0	2.0	0.0	0.0	0.0	0.0	0.0	0.0	0.0	0.0	0.0	0.0	6.0
OTU_346	0.0	40.0	3.0	0.0	0.0	0.0	18.0	59.0	42.0	5.0	1.0	28.0	0.0	1.0	0.0	0.0	0.0	5.0	0.0	0.0	0.0	0.0	6.0	5.0
OTU_3474	0.0	0.0	0.0	0.0	0.0	0.0	0.0	8.0	1.0	0.0	0.0	0.0	1.0	1.0	1.0	0.0	0.0	0.0	0.0	0.0	0.0	0.0	1.0	1.0
OTU_348	0.0	0.0	3.0	0.0	0.0	0.0	0.0	0.0	0.0	0.0	5.0	12.0	14.0	0.0	1.0	0.0	0.0	0.0	0.0	0.0	1.0	0.0	7.0	11.0
OTU_3485	0.0	0.0	1.0	0.0	0.0	1.0	0.0	5.0	0.0	0.0	0.0	0.0	1.0	2.0	0.0	0.0	0.0	0.0	0.0	1.0	0.0	0.0	0.0	1.0
OTU_349	0.0	0.0	1.0	1.0	0.0	0.0	0.0	0.0	0.0	0.0	18.0	2.0	10.0	14.0	0.0	0.0	0.0	0.0	0.0	0.0	4.0	0.0	0.0	11.0
OTU_349	0.0	0.0	1.0	1.0	0.0	0.0	0.0	0.0	0.0	0.0	18.0	2.0	10.0	14.0	0.0	0.0	0.0	0.0	0.0	0.0	4.0	0.0	0.0	11.0
OTU_35	28.0	0.0	0.0	1.0	0.0	0.0	89.0	41.0	26.0	29.0	19.0	1.0	0.0	0.0	0.0	1111.0	837.0	245.0	0.0	352.0	0.0	0.0	0.0	3.0
OTU_351	44.0	0.0	2.0	0.0	0.0	0.0	0.0	0.0	0.0	0.0	8.0	8.0	4.0	8.0	0.0	0.0	0.0	9.0	0.0	0.0	7.0	0.0	0.0	0.0
OTU_353	0.0	14.0	1.0	3.0	0.0	0.0	0.0	0.0	0.0	0.0	2.0	15.0	1.0	42.0	0.0	0.0	0.0	0.0	0.0	0.0	10.0	28.0	0.0	3.0
OTU_3538	1.0	0.0	3.0	2.0	1.0	0.0	0.0	1.0	2.0	4.0	0.0	3.0	2.0	0.0	1.0	0.0	1.0	0.0	2.0	0.0	1.0	0.0	0.0	0.0
OTU_354	2.0	0.0	0.0	0.0	0.0	0.0	0.0	0.0	17.0	1.0	17.0	6.0	6.0	0.0	0.0	0.0	48.0	8.0	0.0	0.0	0.0	0.0	23.0	20.0
OTU_356	0.0	0.0	0.0	0.0	0.0	0.0	0.0	50.0	4.0	6.0	2.0	0.0	0.0	0.0	0.0	0.0	16.0	17.0	0.0	0.0	0.0	0.0	3.0	2.0
OTU_3561	1.0	0.0	11.0	0.0	0.0	0.0	0.0	2.0	0.0	0.0	0.0	0.0	4.0	1.0	0.0	0.0	0.0	0.0	0.0	0.0	6.0	0.0	1.0	4.0
OTU_358	4.0	6.0	15.0	0.0	0.0	0.0	6.0	9.0	0.0	3.0	1.0	0.0	16.0	0.0	0.0	0.0	0.0	0.0	0.0	0.0	5.0	0.0	2.0	2.0
OTU_3585	0.0	0.0	0.0	0.0	0.0	0.0	0.0	1.0	2.0	0.0	0.0	1.0	1.0	2.0	0.0	0.0	0.0	0.0	0.0	0.0	1.0	0.0	0.0	1.0
OTU_36	83.0	106.0	107.0	9.0	25.0	7.0	17.0	79.0	30.0	15.0	9.0	35.0	36.0	7.0	1.0	119.0	1.0	0.0	2.0	157.0	35.0	160.0	0.0	7.0
OTU_3629	0.0	0.0	0.0	1.0	0.0	0.0	0.0	0.0	0.0	0.0	1.0	0.0	3.0	2.0	0.0	0.0	0.0	2.0	0.0	0.0	3.0	0.0	2.0	0.0
OTU_3632	0.0	2.0	0.0	0.0	0.0	0.0	0.0	0.0	4.0	0.0	3.0	0.0	2.0	0.0	0.0	0.0	0.0	0.0	0.0	0.0	1.0	0.0	6.0	2.0
OTU_365	2.0	4.0	2.0	0.0	0.0	0.0	0.0	0.0	0.0	0.0	2.0	0.0	7.0	55.0	0.0	0.0	0.0	0.0	0.0	0.0	29.0	32.0	0.0	3.0
OTU_368	1.0	20.0	0.0	0.0	0.0	0.0	0.0	0.0	0.0	0.0	13.0	22.0	3.0	0.0	0.0	0.0	0.0	0.0	0.0	0.0	2.0	0.0	15.0	4.0
OTU_370	1.0	0.0	0.0	0.0	0.0	0.0	0.0	6.0	7.0	17.0	13.0	1.0	6.0	0.0	1.0	0.0	0.0	45.0	0.0	0.0	0.0	0.0	6.0	3.0
OTU_375	28.0	0.0	1.0	0.0	0.0	0.0	0.0	0.0	0.0	0.0	0.0	0.0	12.0	0.0	0.0	0.0	0.0	3.0	0.0	0.0	20.0	6.0	0.0	3.0
OTU_3759	1.0	0.0	0.0	0.0	0.0	0.0	0.0	7.0	1.0	0.0	0.0	2.0	1.0	3.0	5.0	0.0	0.0	0.0	0.0	0.0	0.0	0.0	0.0	0.0
OTU_377	0.0	0.0	0.0	3.0	0.0	63.0	39.0	0.0	0.0	0.0	2.0	0.0	0.0	0.0	0.0	0.0	0.0	1.0	1.0	0.0	0.0	0.0	0.0	3.0
OTU_3797	0.0	2.0	0.0	0.0	0.0	0.0	5.0	6.0	9.0	6.0	5.0	0.0	1.0	0.0	0.0	0.0	8.0	4.0	0.0	0.0	0.0	0.0	2.0	2.0
OTU_380	5.0	6.0	6.0	39.0	0.0	0.0	0.0	0.0	0.0	15.0	2.0	5.0	2.0	0.0	0.0	0.0	0.0	0.0	0.0	0.0	5.0	0.0	0.0	9.0
OTU_387	4.0	9.0	3.0	11.0	0.0	0.0	0.0	0.0	0.0	0.0	0.0	0.0	6.0	35.0	0.0	0.0	0.0	0.0	1.0	0.0	1.0	11.0	0.0	0.0
OTU_39	0.0	14.0	10.0	37.0	0.0	71.0	321.0	157.0	67.0	23.0	44.0	22.0	2.0	0.0	51.0	0.0	0.0	99.0	0.0	0.0	6.0	51.0	21.0	34.0
OTU_392	5.0	0.0	0.0	14.0	0.0	0.0	29.0	15.0	7.0	7.0	4.0	0.0	0.0	0.0	0.0	17.0	0.0	6.0	0.0	0.0	0.0	0.0	5.0	0.0
OTU_393	15.0	1.0	0.0	0.0	0.0	0.0	0.0	0.0	27.0	5.0	2.0	0.0	1.0	0.0	0.0	0.0	0.0	0.0	0.0	0.0	0.0	0.0	11.0	7.0
OTU_3956	1.0	2.0	0.0	0.0	0.0	0.0	0.0	0.0	0.0	6.0	0.0	0.0	0.0	0.0	0.0	0.0	1.0	0.0	1.0	1.0	1.0	0.0	0.0	0.0
OTU_396	0.0	2.0	0.0	1.0	0.0	1.0	0.0	0.0	7.0	0.0	7.0	1.0	1.0	0.0	0.0	0.0	0.0	3.0	0.0	4.0	0.0	0.0	19.0	15.0
OTU_3984	0.0	0.0	0.0	0.0	0.0	0.0	0.0	1.0	2.0	1.0	0.0	1.0	2.0	1.0	2.0	0.0	0.0	0.0	0.0	0.0	2.0	0.0	0.0	2.0
OTU_4	0.0	0.0	1.0	4.0	797.0	416.0	181.0	15.0	103.0	173.0	252.0	0.0	0.0	9.0	0.0	153.0	714.0	44.0	37.0	1076.0	1.0	0.0	118.0	14.0
OTU_40	0.0	0.0	0.0	0.0	471.0	37.0	41.0	10.0	16.0	38.0	2.0	14.0	2.0	0.0	0.0	0.0	0.0	20.0	0.0	0.0	0.0	29.0	27.0	4.0
OTU_400	0.0	0.0	6.0	18.0	0.0	0.0	0.0	0.0	1.0	2.0	0.0	0.0	0.0	2.0	0.0	6.0	27.0	15.0	0.0	0.0	0.0	0.0	19.0	2.0
OTU_403	36.0	0.0	1.0	0.0	0.0	0.0	0.0	0.0	0.0	4.0	0.0	1.0	3.0	6.0	0.0	0.0	0.0	0.0	0.0	0.0	3.0	0.0	0.0	0.0
OTU_4042	0.0	0.0	1.0	0.0	0.0	1.0	0.0	3.0	0.0	0.0	0.0	1.0	2.0	0.0	0.0	0.0	0.0	0.0	0.0	1.0	1.0	0.0	0.0	1.0
OTU_405	0.0	0.0	0.0	4.0	0.0	9.0	0.0	0.0	0.0	0.0	0.0	25.0	1.0	0.0	0.0	0.0	15.0	0.0	0.0	0.0	0.0	0.0	3.0	10.0
OTU_4067	1.0	1.0	0.0	0.0	0.0	1.0	0.0	1.0	0.0	3.0	0.0	0.0	0.0	0.0	0.0	0.0	3.0	9.0	0.0	1.0	0.0	2.0	0.0	0.0
OTU_4080	0.0	0.0	1.0	0.0	0.0	0.0	0.0	0.0	0.0	0.0	1.0	0.0	0.0	1.0	0.0	0.0	0.0	0.0	3.0	0.0	3.0	1.0	0.0	1.0
OTU_41	0.0	0.0	4.0	7.0	7.0	32.0	0.0	0.0	0.0	0.0	0.0	0.0	0.0	0.0	0.0	0.0	0.0	0.0	1300.0	4.0	0.0	677.0	0.0	0.0
OTU_411	3.0	20.0	6.0	5.0	0.0	0.0	0.0	0.0	0.0	0.0	0.0	9.0	3.0	2.0	0.0	0.0	0.0	0.0	0.0	0.0	5.0	3.0	0.0	0.0
OTU_414	1.0	0.0	9.0	0.0	0.0	3.0	15.0	3.0	28.0	0.0	6.0	0.0	0.0	0.0	0.0	0.0	0.0	0.0	0.0	0.0	0.0	0.0	0.0	0.0
OTU_417	9.0	1.0	0.0	0.0	0.0	0.0	0.0	0.0	0.0	0.0	1.0	27.0	3.0	38.0	0.0	0.0	0.0	0.0	0.0	0.0	9.0	0.0	0.0	1.0
OTU_42	0.0	0.0	0.0	0.0	0.0	0.0	0.0	0.0	40.0	5.0	87.0	0.0	0.0	0.0	1100.0	0.0	292.0	51.0	0.0	0.0	1.0	0.0	64.0	19.0
OTU_421	0.0	0.0	0.0	1.0	0.0	0.0	0.0	16.0	11.0	23.0	8.0	5.0	0.0	0.0	0.0	0.0	0.0	42.0	0.0	0.0	3.0	0.0	0.0	5.0
OTU_4220	0.0	0.0	1.0	0.0	0.0	0.0	0.0	0.0	8.0	13.0	3.0	9.0	0.0	0.0	0.0	0.0	35.0	6.0	0.0	0.0	0.0	0.0	0.0	1.0
OTU_4223	18.0	9.0	5.0	6.0	0.0	0.0	0.0	0.0	0.0	1.0	0.0	0.0	11.0	0.0	0.0	0.0	0.0	0.0	0.0	1.0	1.0	24.0	0.0	6.0
OTU_4297	1.0	4.0	5.0	0.0	0.0	0.0	0.0	0.0	0.0	0.0	0.0	2.0	6.0	0.0	0.0	0.0	0.0	0.0	0.0	0.0	3.0	1.0	1.0	3.0
OTU_43	0.0	27.0	4.0	38.0	0.0	37.0	333.0	243.0	56.0	29.0	13.0	3.0	1.0	0.0	143.0	0.0	0.0	94.0	0.0	10.0	0.0	34.0	6.0	16.0
OTU_4324	0.0	0.0	0.0	0.0	0.0	0.0	38.0	1.0	0.0	10.0	3.0	0.0	0.0	0.0	0.0	0.0	113.0	103.0	0.0	0.0	0.0	0.0	0.0	4.0
OTU_4325	0.0	0.0	0.0	0.0	0.0	1.0	0.0	4.0	0.0	0.0	0.0	0.0	0.0	1.0	0.0	0.0	0.0	0.0	0.0	1.0	2.0	0.0	2.0	1.0
OTU_44	20.0	0.0	24.0	6.0	0.0	217.0	22.0	136.0	27.0	112.0	15.0	0.0	0.0	32.0	0.0	0.0	49.0	13.0	0.0	55.0	51.0	13.0	71.0	4.0
OTU_4442	0.0	0.0	4.0	0.0	40.0	0.0	0.0	0.0	0.0	1.0	0.0	14.0	1.0	0.0	0.0	0.0	1.0	0.0	0.0	0.0	0.0	0.0	0.0	1.0
OTU_446	1.0	0.0	0.0	1.0	0.0	0.0	0.0	0.0	0.0	1.0	27.0	0.0	8.0	8.0	1.0	0.0	0.0	0.0	0.0	0.0	17.0	0.0	6.0	2.0
OTU_447	0.0	12.0	4.0	19.0	0.0	0.0	0.0	0.0	0.0	0.0	6.0	5.0	0.0	0.0	0.0	0.0	103.0	0.0	0.0	0.0	0.0	0.0	0.0	3.0
OTU_450	9.0	0.0	5.0	0.0	0.0	0.0	0.0	0.0	0.0	0.0	5.0	0.0	2.0	15.0	0.0	0.0	0.0	0.0	0.0	0.0	8.0	0.0	17.0	0.0
OTU_451	0.0	0.0	0.0	0.0	0.0	0.0	0.0	3.0	13.0	2.0	1.0	36.0	1.0	0.0	0.0	0.0	0.0	0.0	0.0	0.0	1.0	0.0	1.0	5.0
OTU_4513	2.0	1.0	5.0	0.0	0.0	0.0	0.0	0.0	1.0	1.0	0.0	2.0	1.0	0.0	0.0	0.0	2.0	1.0	0.0	0.0	0.0	0.0	0.0	2.0
OTU_455	1.0	0.0	0.0	0.0	0.0	0.0	0.0	14.0	1.0	12.0	6.0	11.0	0.0	0.0	0.0	0.0	1.0	15.0	0.0	0.0	0.0	0.0	2.0	4.0
OTU_4576	4.0	0.0	24.0	1.0	0.0	66.0	21.0	413.0	96.0	53.0	6.0	79.0	159.0	95.0	418.0	1.0	3.0	37.0	1.0	45.0	74.0	0.0	76.0	62.0
OTU_46	0.0	0.0	7.0	12.0	0.0	87.0	21.0	2.0	126.0	76.0	49.0	93.0	10.0	14.0	0.0	0.0	152.0	59.0	0.0	145.0	5.0	0.0	1.0	18.0
OTU_4620	4.0	0.0	0.0	1.0	0.0	0.0	27.0	0.0	0.0	0.0	0.0	0.0	1.0	0.0	0.0	15.0	0.0	0.0	0.0	1.0	1.0	0.0	0.0	0.0
OTU_4624	2.0	0.0	1.0	0.0	0.0	0.0	0.0	0.0	0.0	5.0	3.0	0.0	0.0	0.0	0.0	0.0	38.0	8.0	0.0	0.0	0.0	0.0	0.0	4.0
OTU_4625	1.0	5.0	19.0	0.0	2.0	0.0	0.0	11.0	0.0	10.0	8.0	2.0	5.0	0.0	0.0	0.0	24.0	0.0	0.0	4.0	5.0	0.0	0.0	4.0
OTU_465	1.0	0.0	18.0	3.0	0.0	0.0	0.0	0.0	0.0	0.0	1.0	0.0	3.0	4.0	0.0	0.0	0.0	0.0	0.0	0.0	13.0	0.0	0.0	2.0
OTU_466	0.0	0.0	0.0	4.0	0.0	0.0	0.0	0.0	0.0	58.0	16.0	0.0	1.0	0.0	0.0	11.0	0.0	1.0	0.0	0.0	0.0	0.0	0.0	5.0
OTU_469	12.0	0.0	0.0	3.0	0.0	0.0	9.0	15.0	28.0	4.0	7.0	13.0	6.0	0.0	0.0	0.0	0.0	4.0	0.0	0.0	6.0	0.0	12.0	4.0
OTU_4693	0.0	0.0	0.0	0.0	0.0	1.0	0.0	7.0	1.0	1.0	0.0	1.0	1.0	0.0	3.0	0.0	0.0	0.0	0.0	0.0	0.0	0.0	0.0	0.0
OTU_47	123.0	199.0	0.0	4.0	0.0	0.0	0.0	0.0	61.0	20.0	2.0	0.0	190.0	0.0	0.0	0.0	0.0	0.0	0.0	0.0	0.0	0.0	0.0	27.0
OTU_472	1.0	0.0	3.0	0.0	0.0	53.0	0.0	0.0	0.0	13.0	8.0	16.0	1.0	0.0	0.0	0.0	40.0	3.0	2.0	0.0	0.0	0.0	40.0	10.0
OTU_4724	35.0	10.0	5.0	16.0	0.0	0.0	1.0	0.0	7.0	40.0	7.0	15.0	32.0	7.0	0.0	0.0	0.0	0.0	0.0	0.0	17.0	0.0	0.0	84.0
OTU_4730	19.0	39.0	56.0	11.0	0.0	0.0	0.0	0.0	0.0	0.0	4.0	21.0	48.0	7.0	0.0	0.0	0.0	0.0	0.0	0.0	65.0	21.0	7.0	34.0
OTU_4731	0.0	0.0	0.0	0.0	0.0	1.0	0.0	3.0	1.0	0.0	0.0	0.0	2.0	2.0	1.0	0.0	0.0	0.0	0.0	0.0	3.0	0.0	0.0	0.0
OTU_4760	3.0	36.0	5.0	2.0	0.0	0.0	0.0	0.0	0.0	0.0	1.0	19.0	39.0	47.0	0.0	0.0	0.0	0.0	0.0	0.0	12.0	55.0	24.0	6.0
OTU_48	21.0	0.0	7.0	28.0	475.0	0.0	0.0	0.0	7.0	10.0	3.0	0.0	22.0	0.0	0.0	0.0	3.0	0.0	0.0	0.0	1.0	0.0	2.0	17.0
OTU_4821	20.0	4.0	1.0	7.0	0.0	0.0	0.0	0.0	6.0	22.0	4.0	7.0	13.0	3.0	0.0	0.0	0.0	0.0	0.0	0.0	5.0	0.0	0.0	30.0
OTU_483	7.0	14.0	0.0	26.0	0.0	0.0	0.0	0.0	0.0	0.0	0.0	3.0	0.0	0.0	0.0	0.0	0.0	0.0	0.0	0.0	1.0	6.0	0.0	1.0
OTU_484	4.0	4.0	7.0	3.0	0.0	0.0	0.0	0.0	6.0	42.0	1.0	1.0	5.0	0.0	0.0	0.0	1.0	8.0	0.0	0.0	1.0	0.0	0.0	10.0
OTU_4852	0.0	21.0	1.0	0.0	0.0	0.0	0.0	0.0	0.0	0.0	1.0	8.0	17.0	14.0	0.0	0.0	0.0	0.0	0.0	0.0	3.0	17.0	13.0	5.0
OTU_489	2.0	17.0	5.0	34.0	0.0	0.0	0.0	0.0	0.0	0.0	1.0	0.0	0.0	0.0	0.0	0.0	0.0	0.0	28.0	0.0	0.0	0.0	0.0	1.0
OTU_4919	2.0	10.0	0.0	1.0	0.0	0.0	5.0	3.0	15.0	16.0	3.0	0.0	1.0	18.0	0.0	0.0	7.0	6.0	0.0	0.0	0.0	0.0	0.0	10.0
OTU_4928	1.0	0.0	0.0	8.0	0.0	0.0	0.0	0.0	0.0	0.0	53.0	1.0	0.0	0.0	0.0	0.0	0.0	0.0	0.0	0.0	4.0	5.0	0.0	3.0
OTU_494	0.0	0.0	1.0	1.0	0.0	0.0	0.0	33.0	0.0	0.0	2.0	0.0	1.0	0.0	0.0	0.0	0.0	0.0	0.0	0.0	0.0	12.0	0.0	6.0
OTU_496	0.0	1.0	8.0	24.0	0.0	0.0	0.0	0.0	0.0	0.0	2.0	0.0	0.0	0.0	0.0	0.0	0.0	0.0	18.0	0.0	14.0	0.0	3.0	7.0
OTU_4962	0.0	0.0	3.0	22.0	0.0	0.0	21.0	0.0	19.0	35.0	4.0	1.0	11.0	0.0	0.0	0.0	0.0	15.0	0.0	0.0	0.0	12.0	5.0	8.0
OTU_497	5.0	4.0	7.0	1.0	0.0	46.0	9.0	0.0	20.0	1.0	8.0	0.0	0.0	0.0	0.0	0.0	0.0	7.0	1.0	0.0	0.0	0.0	0.0	3.0
OTU_498	3.0	0.0	0.0	0.0	0.0	0.0	0.0	0.0	0.0	0.0	1.0	0.0	15.0	25.0	0.0	0.0	0.0	0.0	0.0	0.0	1.0	1.0	0.0	2.0
OTU_5	12.0	1.0	7.0	4.0	191.0	3e3	12.0	18.0	107.0	128.0	76.0	5.0	16.0	11.0	1612.0	0.0	1.0	117.0	0.0	32.0	13.0	32.0	8.0	50.0
OTU_504	0.0	2.0	1.0	2.0	0.0	0.0	0.0	0.0	0.0	0.0	2.0	2.0	0.0	0.0	0.0	0.0	0.0	0.0	0.0	0.0	0.0	0.0	22.0	4.0
OTU_505	0.0	1.0	0.0	0.0	0.0	0.0	0.0	6.0	18.0	2.0	7.0	4.0	0.0	0.0	0.0	0.0	0.0	5.0	0.0	0.0	0.0	0.0	11.0	1.0
OTU_5059	1.0	0.0	0.0	0.0	1.0	0.0	0.0	0.0	0.0	2.0	1.0	0.0	0.0	0.0	0.0	0.0	0.0	1.0	0.0	1.0	0.0	1.0	0.0	0.0
OTU_5075	4.0	0.0	0.0	1.0	0.0	0.0	0.0	0.0	0.0	2.0	0.0	1.0	2.0	0.0	0.0	0.0	0.0	0.0	0.0	0.0	1.0	0.0	0.0	4.0
OTU_509	14.0	0.0	9.0	14.0	0.0	0.0	0.0	1.0	28.0	14.0	1.0	39.0	83.0	84.0	1.0	142.0	0.0	14.0	59.0	0.0	60.0	53.0	18.0	14.0
OTU_51	24.0	1.0	20.0	26.0	98.0	0.0	136.0	137.0	78.0	17.0	31.0	76.0	10.0	0.0	0.0	27.0	0.0	28.0	4.0	63.0	7.0	0.0	14.0	17.0
OTU_510	0.0	0.0	0.0	0.0	0.0	0.0	0.0	0.0	1.0	20.0	2.0	10.0	2.0	0.0	0.0	0.0	47.0	5.0	0.0	0.0	0.0	0.0	6.0	1.0
OTU_5101	13.0	0.0	0.0	0.0	0.0	0.0	0.0	0.0	0.0	0.0	7.0	9.0	10.0	2.0	0.0	0.0	0.0	0.0	0.0	0.0	3.0	0.0	21.0	8.0
OTU_515	16.0	0.0	1.0	10.0	0.0	0.0	0.0	0.0	0.0	0.0	0.0	12.0	6.0	23.0	0.0	0.0	0.0	0.0	0.0	0.0	2.0	0.0	0.0	1.0
OTU_5174	1.0	2.0	3.0	0.0	0.0	0.0	0.0	0.0	0.0	0.0	0.0	1.0	3.0	1.0	0.0	0.0	0.0	0.0	0.0	0.0	6.0	1.0	0.0	0.0
OTU_5193	1.0	2.0	0.0	0.0	0.0	0.0	0.0	0.0	2.0	3.0	5.0	0.0	1.0	1.0	0.0	0.0	0.0	0.0	0.0	0.0	1.0	0.0	0.0	0.0
OTU_52	0.0	3.0	1.0	0.0	0.0	9.0	273.0	182.0	39.0	38.0	22.0	4.0	24.0	0.0	0.0	64.0	5.0	168.0	9.0	25.0	0.0	0.0	78.0	24.0
OTU_521	0.0	0.0	1.0	2.0	11.0	0.0	0.0	0.0	2.0	1.0	5.0	1.0	12.0	0.0	0.0	0.0	0.0	0.0	0.0	0.0	4.0	0.0	19.0	6.0
OTU_522	0.0	0.0	1.0	0.0	0.0	42.0	0.0	1.0	0.0	0.0	4.0	0.0	1.0	0.0	0.0	0.0	0.0	0.0	0.0	0.0	0.0	0.0	5.0	2.0
OTU_525	6.0	0.0	1.0	8.0	38.0	14.0	7.0	0.0	0.0	11.0	4.0	27.0	0.0	0.0	0.0	0.0	13.0	16.0	318.0	177.0	1.0	63.0	0.0	11.0
OTU_526	0.0	0.0	0.0	0.0	0.0	10.0	2.0	0.0	6.0	7.0	0.0	0.0	3.0	0.0	0.0	0.0	0.0	1.0	0.0	0.0	0.0	0.0	27.0	1.0
OTU_529	0.0	4.0	6.0	13.0	0.0	0.0	0.0	0.0	0.0	0.0	2.0	8.0	1.0	11.0	0.0	0.0	0.0	0.0	0.0	0.0	1.0	2.0	0.0	6.0
OTU_5293	2.0	0.0	2.0	45.0	27.0	3.0	47.0	67.0	17.0	20.0	2.0	22.0	0.0	2.0	0.0	32.0	34.0	6.0	78.0	9.0	3.0	55.0	26.0	8.0
OTU_53	61.0	10.0	86.0	0.0	0.0	0.0	0.0	12.0	38.0	9.0	1.0	59.0	204.0	124.0	0.0	0.0	0.0	2.0	3.0	0.0	84.0	0.0	1.0	15.0
OTU_537	0.0	0.0	0.0	0.0	0.0	0.0	0.0	8.0	3.0	17.0	4.0	4.0	0.0	0.0	0.0	0.0	0.0	24.0	0.0	0.0	0.0	0.0	2.0	5.0
OTU_5382	7.0	6.0	24.0	5.0	0.0	0.0	0.0	0.0	1.0	1.0	0.0	9.0	18.0	3.0	0.0	0.0	1.0	0.0	0.0	0.0	25.0	10.0	1.0	12.0
OTU_540	21.0	0.0	0.0	0.0	0.0	0.0	0.0	0.0	0.0	0.0	1.0	2.0	12.0	9.0	0.0	0.0	0.0	0.0	0.0	0.0	2.0	0.0	0.0	1.0
OTU_543	1.0	0.0	0.0	0.0	0.0	0.0	0.0	0.0	0.0	0.0	0.0	0.0	15.0	0.0	0.0	0.0	7.0	0.0	0.0	0.0	2.0	2.0	15.0	8.0
OTU_5462	15.0	0.0	0.0	33.0	0.0	0.0	0.0	0.0	9.0	0.0	0.0	4.0	0.0	0.0	0.0	0.0	0.0	3.0	284.0	0.0	2.0	5.0	0.0	0.0
OTU_55	76.0	0.0	7.0	0.0	0.0	157.0	111.0	22.0	51.0	92.0	54.0	18.0	18.0	14.0	0.0	0.0	75.0	66.0	0.0	0.0	8.0	35.0	4.0	14.0
OTU_5593	0.0	0.0	1.0	0.0	0.0	184.0	16.0	0.0	4.0	0.0	1.0	1.0	1.0	1.0	3.0	0.0	0.0	7.0	0.0	0.0	0.0	0.0	0.0	0.0
OTU_56	42.0	51.0	30.0	3.0	0.0	0.0	0.0	0.0	33.0	17.0	35.0	101.0	92.0	0.0	75.0	0.0	0.0	2.0	0.0	0.0	19.0	0.0	53.0	41.0
OTU_5600	0.0	0.0	0.0	0.0	0.0	70.0	6.0	0.0	2.0	0.0	2.0	1.0	0.0	3.0	2.0	0.0	0.0	0.0	0.0	0.0	2.0	0.0	0.0	0.0
OTU_5607	0.0	0.0	0.0	3.0	0.0	0.0	1.0	0.0	1.0	2.0	0.0	0.0	0.0	1.0	0.0	0.0	0.0	1.0	0.0	0.0	0.0	1.0	0.0	0.0
OTU_5616	0.0	0.0	1.0	0.0	0.0	0.0	0.0	1.0	0.0	1.0	0.0	0.0	1.0	0.0	0.0	0.0	1.0	0.0	0.0	0.0	3.0	0.0	0.0	1.0
OTU_567	14.0	0.0	14.0	0.0	0.0	0.0	0.0	0.0	1.0	6.0	4.0	4.0	1.0	0.0	0.0	0.0	0.0	0.0	0.0	0.0	0.0	0.0	0.0	2.0
OTU_57	95.0	0.0	99.0	46.0	0.0	0.0	90.0	226.0	0.0	3.0	14.0	24.0	8.0	5.0	0.0	0.0	0.0	0.0	0.0	0.0	0.0	5.0	0.0	9.0
OTU_570	1.0	0.0	0.0	4.0	0.0	0.0	0.0	0.0	0.0	0.0	4.0	20.0	3.0	0.0	0.0	0.0	0.0	0.0	0.0	0.0	10.0	0.0	0.0	3.0
OTU_5711	9.0	32.0	1.0	0.0	0.0	0.0	0.0	0.0	0.0	6.0	5.0	21.0	0.0	0.0	0.0	0.0	0.0	0.0	0.0	0.0	0.0	0.0	1.0	11.0
OTU_5744	1.0	1.0	1.0	2.0	0.0	0.0	0.0	0.0	0.0	0.0	0.0	0.0	2.0	0.0	0.0	0.0	0.0	3.0	0.0	0.0	0.0	0.0	0.0	2.0
OTU_575	1.0	0.0	0.0	0.0	0.0	0.0	0.0	0.0	1.0	31.0	21.0	32.0	3.0	13.0	0.0	0.0	0.0	1.0	0.0	0.0	4.0	0.0	27.0	1.0
OTU_58	25.0	8.0	21.0	7.0	0.0	0.0	0.0	0.0	0.0	0.0	25.0	81.0	58.0	0.0	1.0	0.0	0.0	20.0	0.0	0.0	14.0	0.0	80.0	100.0
OTU_5803	0.0	2.0	0.0	0.0	0.0	6.0	1.0	0.0	2.0	4.0	4.0	0.0	1.0	3.0	0.0	0.0	1.0	1.0	0.0	0.0	2.0	0.0	0.0	0.0
OTU_583	11.0	0.0	4.0	0.0	0.0	0.0	0.0	0.0	0.0	2.0	20.0	6.0	8.0	0.0	0.0	0.0	37.0	0.0	0.0	0.0	0.0	0.0	0.0	5.0
OTU_584	5.0	5.0	0.0	2.0	0.0	0.0	0.0	0.0	0.0	0.0	0.0	0.0	0.0	4.0	0.0	51.0	0.0	0.0	0.0	0.0	1.0	0.0	0.0	2.0
OTU_59	0.0	0.0	0.0	0.0	0.0	73.0	118.0	111.0	19.0	9.0	6.0	0.0	0.0	0.0	0.0	564.0	466.0	120.0	0.0	0.0	1.0	0.0	0.0	0.0
OTU_590	0.0	0.0	0.0	0.0	0.0	0.0	0.0	1.0	4.0	5.0	1.0	0.0	5.0	0.0	0.0	0.0	0.0	6.0	0.0	0.0	0.0	0.0	15.0	0.0
OTU_595	0.0	0.0	0.0	0.0	0.0	10.0	21.0	7.0	7.0	1.0	2.0	0.0	0.0	0.0	0.0	0.0	0.0	17.0	0.0	0.0	0.0	0.0	6.0	2.0
OTU_6	49.0	0.0	0.0	0.0	0.0	0.0	0.0	207.0	120.0	294.0	24.0	0.0	226.0	0.0	0.0	27.0	0.0	160.0	0.0	0.0	1.0	0.0	1601.0	415.0
OTU_60	140.0	291.0	0.0	23.0	0.0	0.0	0.0	0.0	0.0	0.0	62.0	0.0	0.0	3.0	0.0	0.0	0.0	0.0	0.0	0.0	22.0	0.0	8.0	41.0
OTU_603	0.0	0.0	0.0	0.0	0.0	28.0	31.0	0.0	0.0	6.0	11.0	0.0	0.0	0.0	0.0	7.0	0.0	0.0	0.0	4.0	0.0	0.0	14.0	0.0
OTU_6046	4.0	1.0	2.0	0.0	0.0	0.0	0.0	0.0	0.0	0.0	2.0	2.0	1.0	0.0	0.0	0.0	0.0	0.0	0.0	0.0	0.0	0.0	0.0	3.0
OTU_61	35.0	43.0	5.0	7.0	0.0	9.0	52.0	21.0	23.0	29.0	10.0	87.0	101.0	60.0	2.0	223.0	11.0	21.0	0.0	0.0	77.0	45.0	92.0	21.0
OTU_6135	0.0	0.0	5.0	1.0	1.0	0.0	0.0	0.0	0.0	3.0	2.0	2.0	3.0	1.0	0.0	0.0	0.0	0.0	0.0	0.0	0.0	1.0	1.0	3.0
OTU_618	0.0	16.0	0.0	7.0	0.0	0.0	0.0	0.0	0.0	0.0	0.0	0.0	4.0	0.0	0.0	0.0	0.0	6.0	1.0	0.0	0.0	2.0	5.0	5.0
OTU_62	38.0	37.0	22.0	2.0	0.0	0.0	2.0	0.0	0.0	28.0	9.0	98.0	109.0	7.0	0.0	0.0	0.0	0.0	0.0	0.0	25.0	0.0	47.0	80.0
OTU_6202	10.0	0.0	2.0	2.0	0.0	0.0	0.0	0.0	0.0	0.0	1.0	0.0	5.0	0.0	0.0	0.0	0.0	0.0	0.0	0.0	0.0	8.0	0.0	1.0
OTU_622	5.0	8.0	2.0	17.0	0.0	0.0	0.0	0.0	0.0	0.0	0.0	0.0	2.0	17.0	0.0	0.0	0.0	0.0	0.0	0.0	1.0	0.0	0.0	1.0
OTU_6224	0.0	0.0	0.0	2.0	0.0	1.0	2.0	0.0	6.0	1.0	2.0	0.0	1.0	0.0	0.0	0.0	0.0	2.0	0.0	1.0	0.0	3.0	0.0	2.0
OTU_623	0.0	0.0	0.0	1.0	0.0	0.0	8.0	0.0	23.0	0.0	2.0	1.0	1.0	0.0	0.0	0.0	86.0	80.0	0.0	0.0	6.0	0.0	0.0	0.0
OTU_628	0.0	0.0	0.0	1.0	0.0	0.0	0.0	2.0	7.0	6.0	6.0	17.0	1.0	0.0	0.0	0.0	0.0	0.0	0.0	0.0	0.0	0.0	3.0	0.0
OTU_63	6.0	0.0	0.0	28.0	6.0	0.0	203.0	48.0	54.0	213.0	27.0	14.0	10.0	0.0	0.0	15.0	88.0	3.0	511.0	0.0	0.0	27.0	65.0	70.0
OTU_6300	0.0	0.0	0.0	7.0	0.0	0.0	11.0	0.0	4.0	9.0	5.0	2.0	3.0	0.0	0.0	0.0	0.0	5.0	0.0	0.0	0.0	6.0	0.0	3.0
OTU_6343	1.0	1.0	0.0	0.0	1.0	0.0	0.0	0.0	0.0	0.0	0.0	0.0	2.0	0.0	0.0	0.0	0.0	0.0	0.0	0.0	1.0	1.0	0.0	5.0
OTU_635	0.0	0.0	0.0	0.0	0.0	1.0	3.0	7.0	13.0	8.0	0.0	8.0	0.0	0.0	3.0	0.0	0.0	3.0	0.0	0.0	0.0	0.0	0.0	0.0
OTU_637	2.0	0.0	1.0	3.0	0.0	0.0	3.0	0.0	0.0	0.0	0.0	0.0	0.0	2.0	0.0	0.0	36.0	0.0	0.0	0.0	0.0	0.0	0.0	5.0
OTU_6376	15.0	42.0	5.0	14.0	0.0	0.0	0.0	0.0	0.0	3.0	6.0	8.0	32.0	3.0	0.0	0.0	0.0	0.0	0.0	0.0	1.0	7.0	0.0	9.0
OTU_6392	5.0	13.0	2.0	4.0	0.0	0.0	0.0	0.0	0.0	2.0	4.0	4.0	10.0	1.0	0.0	0.0	0.0	0.0	0.0	0.0	0.0	3.0	0.0	7.0
OTU_64	35.0	15.0	17.0	5.0	0.0	0.0	0.0	0.0	0.0	1.0	3.0	359.0	6.0	14.0	0.0	0.0	0.0	0.0	1.0	0.0	22.0	211.0	0.0	9.0
OTU_641	0.0	0.0	2.0	0.0	0.0	0.0	0.0	0.0	0.0	0.0	3.0	0.0	4.0	16.0	0.0	0.0	0.0	0.0	0.0	0.0	13.0	0.0	22.0	2.0
OTU_643	0.0	0.0	2.0	1.0	0.0	0.0	0.0	0.0	0.0	8.0	3.0	11.0	0.0	0.0	0.0	0.0	42.0	0.0	0.0	0.0	2.0	0.0	0.0	0.0
OTU_644	2.0	0.0	0.0	0.0	0.0	0.0	0.0	5.0	0.0	0.0	5.0	0.0	4.0	0.0	0.0	0.0	0.0	1.0	0.0	0.0	5.0	0.0	0.0	8.0
OTU_65	0.0	0.0	1.0	0.0	337.0	11.0	21.0	31.0	9.0	33.0	1.0	0.0	0.0	0.0	0.0	0.0	0.0	13.0	0.0	67.0	0.0	0.0	0.0	2.0
OTU_655	1.0	0.0	0.0	0.0	0.0	0.0	0.0	0.0	0.0	3.0	0.0	2.0	2.0	0.0	0.0	25.0	1.0	0.0	0.0	0.0	0.0	0.0	30.0	0.0
OTU_6567	0.0	0.0	0.0	4.0	0.0	0.0	0.0	15.0	15.0	8.0	12.0	0.0	7.0	0.0	0.0	0.0	0.0	11.0	0.0	0.0	0.0	0.0	0.0	5.0
OTU_659	0.0	0.0	0.0	0.0	0.0	0.0	0.0	7.0	2.0	0.0	0.0	1.0	0.0	0.0	13.0	0.0	0.0	10.0	0.0	0.0	0.0	3.0	0.0	3.0
OTU_66	20.0	137.0	21.0	6.0	0.0	0.0	0.0	0.0	15.0	45.0	55.0	232.0	17.0	79.0	0.0	110.0	0.0	66.0	0.0	0.0	24.0	1.0	47.0	13.0
OTU_6638	0.0	2.0	1.0	0.0	1.0	2.0	0.0	0.0	0.0	1.0	0.0	0.0	1.0	1.0	0.0	0.0	2.0	2.0	2.0	0.0	1.0	0.0	0.0	0.0
OTU_67	0.0	0.0	0.0	0.0	0.0	0.0	326.0	135.0	213.0	220.0	5.0	0.0	1.0	0.0	0.0	0.0	42.0	68.0	0.0	0.0	0.0	0.0	49.0	1.0
OTU_68	36.0	74.0	67.0	85.0	0.0	0.0	38.0	34.0	3.0	8.0	118.0	3.0	13.0	0.0	0.0	0.0	0.0	0.0	0.0	0.0	6.0	0.0	4.0	38.0
OTU_688	1.0	0.0	0.0	0.0	0.0	0.0	0.0	14.0	20.0	0.0	0.0	2.0	7.0	0.0	0.0	9.0	0.0	0.0	0.0	0.0	1.0	0.0	0.0	7.0
OTU_69	93.0	91.0	57.0	18.0	0.0	0.0	0.0	0.0	0.0	0.0	6.0	110.0	57.0	13.0	0.0	0.0	0.0	0.0	0.0	0.0	86.0	9.0	0.0	20.0
OTU_7	2.0	23.0	4.0	0.0	999.0	0.0	314.0	358.0	334.0	116.0	26.0	96.0	6.0	0.0	0.0	0.0	86.0	324.0	2.0	0.0	8.0	1.0	538.0	27.0
OTU_70	7.0	21.0	10.0	37.0	0.0	10.0	38.0	59.0	47.0	12.0	17.0	1.0	1.0	2.0	0.0	4.0	1.0	10.0	0.0	265.0	0.0	0.0	10.0	1.0
OTU_7048	1.0	0.0	0.0	1.0	0.0	0.0	9.0	14.0	5.0	0.0	0.0	0.0	0.0	0.0	0.0	0.0	0.0	11.0	0.0	0.0	0.0	0.0	0.0	1.0
OTU_71	0.0	0.0	5.0	1.0	0.0	250.0	0.0	0.0	5.0	37.0	53.0	8.0	13.0	0.0	0.0	0.0	0.0	0.0	0.0	60.0	7.0	0.0	0.0	20.0
OTU_710	1.0	6.0	0.0	0.0	0.0	0.0	1.0	0.0	0.0	3.0	12.0	8.0	0.0	2.0	0.0	0.0	0.0	7.0	0.0	0.0	0.0	0.0	0.0	3.0
OTU_7162	0.0	0.0	1.0	0.0	0.0	0.0	0.0	4.0	9.0	2.0	8.0	0.0	2.0	0.0	0.0	0.0	1.0	4.0	0.0	0.0	0.0	0.0	0.0	6.0
OTU_72	6.0	50.0	21.0	37.0	0.0	145.0	0.0	0.0	0.0	0.0	13.0	3.0	29.0	22.0	0.0	44.0	0.0	19.0	0.0	0.0	45.0	0.0	14.0	65.0
OTU_7253	0.0	0.0	0.0	5.0	14.0	0.0	0.0	0.0	5.0	0.0	1.0	0.0	0.0	0.0	0.0	0.0	2.0	11.0	0.0	9.0	0.0	5.0	10.0	0.0
OTU_73	12.0	0.0	15.0	4.0	0.0	33.0	58.0	9.0	90.0	118.0	34.0	4.0	24.0	8.0	179.0	178.0	190.0	36.0	58.0	0.0	32.0	44.0	27.0	31.0
OTU_74	15.0	10.0	154.0	379.0	0.0	0.0	5.0	0.0	12.0	203.0	5.0	0.0	3.0	0.0	0.0	0.0	1.0	0.0	0.0	0.0	21.0	49.0	5.0	6.0
OTU_740	1.0	0.0	0.0	2.0	0.0	0.0	0.0	3.0	5.0	1.0	5.0	0.0	1.0	0.0	0.0	0.0	0.0	0.0	0.0	0.0	4.0	0.0	0.0	4.0
OTU_7423	5.0	14.0	2.0	0.0	0.0	0.0	0.0	0.0	0.0	3.0	6.0	8.0	2.0	0.0	0.0	0.0	1.0	1.0	0.0	0.0	0.0	0.0	0.0	4.0
OTU_75	2.0	0.0	1.0	0.0	6.0	1.0	0.0	0.0	5.0	35.0	453.0	0.0	8.0	0.0	0.0	104.0	183.0	8.0	1.0	2.0	3.0	0.0	17.0	5.0
OTU_7547	5.0	0.0	6.0	7.0	0.0	0.0	0.0	0.0	0.0	7.0	4.0	1.0	8.0	0.0	0.0	0.0	0.0	1.0	0.0	0.0	0.0	0.0	0.0	14.0
OTU_7684	0.0	0.0	0.0	0.0	0.0	28.0	0.0	20.0	5.0	0.0	0.0	0.0	0.0	0.0	0.0	0.0	26.0	16.0	0.0	9.0	0.0	0.0	12.0	0.0
OTU_77	0.0	4.0	1.0	0.0	85.0	0.0	178.0	45.0	68.0	25.0	16.0	8.0	9.0	0.0	0.0	0.0	49.0	56.0	0.0	48.0	1.0	0.0	29.0	8.0
OTU_7705	1.0	0.0	1.0	0.0	0.0	0.0	1.0	0.0	0.0	1.0	0.0	0.0	1.0	0.0	0.0	0.0	0.0	0.0	0.0	0.0	1.0	0.0	0.0	6.0
OTU_7717	3.0	0.0	2.0	1.0	0.0	0.0	0.0	0.0	0.0	5.0	2.0	1.0	3.0	0.0	0.0	0.0	0.0	1.0	0.0	0.0	0.0	0.0	0.0	7.0
OTU_7749	0.0	0.0	0.0	0.0	0.0	8.0	0.0	9.0	1.0	0.0	0.0	0.0	0.0	0.0	0.0	0.0	3.0	5.0	0.0	1.0	0.0	0.0	2.0	0.0
OTU_775	0.0	10.0	0.0	0.0	0.0	0.0	0.0	0.0	1.0	1.0	4.0	6.0	0.0	0.0	0.0	0.0	2.0	7.0	0.0	0.0	1.0	0.0	0.0	2.0
OTU_78	3.0	0.0	6.0	5.0	66.0	307.0	0.0	0.0	0.0	19.0	5.0	1.0	2.0	0.0	0.0	0.0	0.0	27.0	0.0	2.0	2.0	0.0	17.0	9.0
OTU_7821	0.0	0.0	0.0	0.0	0.0	0.0	2.0	1.0	4.0	11.0	1.0	0.0	0.0	0.0	0.0	0.0	0.0	1.0	0.0	0.0	0.0	2.0	1.0	0.0
OTU_7826	0.0	0.0	0.0	0.0	0.0	0.0	0.0	1.0	6.0	14.0	1.0	0.0	1.0	0.0	0.0	0.0	0.0	1.0	0.0	0.0	0.0	2.0	2.0	0.0
OTU_79	108.0	0.0	6.0	4.0	0.0	50.0	0.0	37.0	2.0	2.0	170.0	15.0	22.0	5.0	423.0	38.0	0.0	15.0	0.0	0.0	7.0	0.0	13.0	23.0
OTU_8	219.0	220.0	445.0	645.0	138.0	0.0	182.0	17.0	66.0	73.0	82.0	271.0	213.0	34.0	0.0	1.0	0.0	7.0	1.0	0.0	150.0	32.0	55.0	182.0
OTU_80	39.0	0.0	0.0	4.0	0.0	0.0	0.0	0.0	0.0	196.0	98.0	92.0	19.0	0.0	0.0	0.0	0.0	0.0	0.0	0.0	7.0	0.0	13.0	93.0
OTU_8021	0.0	11.0	0.0	0.0	0.0	0.0	9.0	9.0	16.0	14.0	4.0	0.0	5.0	0.0	1.0	0.0	11.0	4.0	0.0	0.0	0.0	0.0	19.0	2.0
OTU_81	92.0	68.0	2.0	0.0	0.0	27.0	0.0	0.0	50.0	2.0	99.0	67.0	42.0	25.0	537.0	0.0	0.0	11.0	0.0	0.0	94.0	0.0	68.0	42.0
OTU_82	6.0	0.0	1.0	1.0	0.0	0.0	192.0	20.0	15.0	15.0	10.0	0.0	4.0	32.0	0.0	0.0	562.0	17.0	0.0	125.0	0.0	17.0	0.0	0.0
OTU_8247	0.0	6.0	0.0	0.0	0.0	0.0	1.0	2.0	5.0	7.0	2.0	1.0	1.0	4.0	0.0	0.0	5.0	2.0	0.0	0.0	1.0	0.0	0.0	2.0
OTU_83	6.0	30.0	6.0	0.0	0.0	0.0	0.0	0.0	0.0	0.0	4.0	14.0	23.0	306.0	0.0	0.0	0.0	0.0	3.0	0.0	347.0	0.0	18.0	3.0
OTU_833	14.0	5.0	0.0	6.0	0.0	0.0	0.0	0.0	0.0	0.0	5.0	0.0	1.0	0.0	0.0	0.0	0.0	0.0	0.0	0.0	0.0	7.0	0.0	1.0
OTU_839	0.0	0.0	0.0	1.0	0.0	4.0	5.0	6.0	4.0	0.0	5.0	0.0	0.0	0.0	0.0	13.0	0.0	0.0	0.0	0.0	0.0	0.0	0.0	0.0
OTU_84	52.0	71.0	3.0	29.0	0.0	0.0	15.0	222.0	125.0	40.0	18.0	37.0	39.0	87.0	0.0	0.0	0.0	32.0	0.0	0.0	28.0	11.0	27.0	42.0
OTU_8480	1.0	0.0	2.0	24.0	0.0	2.0	8.0	8.0	18.0	4.0	2.0	0.0	3.0	20.0	90.0	0.0	4.0	1.0	0.0	0.0	0.0	0.0	5.0	2.0
OTU_85	14.0	1.0	4.0	1.0	0.0	16.0	0.0	2.0	80.0	183.0	10.0	10.0	38.0	0.0	0.0	0.0	0.0	3.0	0.0	22.0	3.0	1.0	36.0	67.0
OTU_854	0.0	0.0	0.0	4.0	0.0	0.0	1.0	0.0	1.0	0.0	2.0	0.0	0.0	0.0	0.0	0.0	0.0	3.0	0.0	0.0	5.0	3.0	0.0	0.0
OTU_86	0.0	0.0	6.0	5.0	268.0	0.0	14.0	31.0	37.0	2.0	7.0	0.0	0.0	0.0	0.0	0.0	0.0	2.0	0.0	0.0	0.0	5.0	0.0	0.0
OTU_864	3.0	0.0	0.0	2.0	0.0	21.0	0.0	0.0	0.0	0.0	1.0	0.0	0.0	0.0	0.0	0.0	0.0	1.0	0.0	0.0	0.0	0.0	6.0	3.0
OTU_87	0.0	0.0	0.0	0.0	0.0	0.0	3.0	18.0	25.0	8.0	16.0	0.0	0.0	0.0	1.0	855.0	0.0	91.0	0.0	0.0	0.0	0.0	151.0	1.0
OTU_90	79.0	1.0	142.0	39.0	0.0	9.0	48.0	0.0	6.0	19.0	11.0	49.0	23.0	73.0	3.0	0.0	72.0	0.0	0.0	49.0	32.0	65.0	2.0	10.0
OTU_901	7.0	23.0	3.0	0.0	0.0	0.0	0.0	0.0	0.0	0.0	0.0	0.0	15.0	0.0	1.0	0.0	0.0	0.0	0.0	0.0	18.0	1.0	0.0	5.0
OTU_91	14.0	0.0	0.0	0.0	0.0	0.0	0.0	38.0	49.0	71.0	15.0	85.0	17.0	0.0	0.0	0.0	0.0	0.0	0.0	0.0	1.0	0.0	21.0	54.0
OTU_92	95.0	27.0	20.0	1.0	0.0	0.0	0.0	0.0	3.0	14.0	28.0	18.0	30.0	40.0	0.0	0.0	0.0	0.0	8.0	0.0	24.0	69.0	34.0	13.0
OTU_93	41.0	58.0	28.0	119.0	0.0	135.0	30.0	0.0	0.0	10.0	5.0	11.0	12.0	1.0	0.0	0.0	0.0	0.0	0.0	0.0	10.0	0.0	0.0	14.0
OTU_94	7.0	0.0	1.0	28.0	0.0	0.0	0.0	0.0	0.0	11.0	10.0	1.0	178.0	120.0	1.0	0.0	0.0	0.0	0.0	0.0	1.0	77.0	0.0	0.0
OTU_95	0.0	0.0	0.0	0.0	255.0	124.0	9.0	0.0	0.0	0.0	4.0	0.0	5.0	2.0	0.0	0.0	0.0	1.0	0.0	47.0	0.0	0.0	0.0	5.0
OTU_96	19.0	48.0	7.0	4.0	0.0	60.0	205.0	22.0	104.0	112.0	28.0	5.0	3.0	10.0	0.0	284.0	0.0	9.0	0.0	20.0	0.0	39.0	99.0	10.0
Temp	14	12.9	12.9	12.6	17	21.1	24	24.5	21.3	19.2	16	14.5	13	12.1	12.4	13	16	19.6	24	24	26.1	21.5	17.9	13.9
SECCHI	14	7	12	6	9	14	24	17	15	12	11	15.5	19	13	20	18	12.5	22	22	20	19	17	12	15
SAL_CTD	37.9	37.2	37.2	35.9	37	36.9	36.9	37.2	37.7	37.5	36.8	37.2	37	37.7	37.9	37.7	37.6	38.1	na	na	na	35.1	37.1	37.8
CHL_total	1.06	1.04	1.13	1.36	0.71	0.44	0.37	NA	0.68	0.34	0.71	0.38	0.51	1.34	0.67	2.03	1.13	0.36	0.11	0.02	0.27	0.57	0.75	0.6
PO4	0.22	0.17	0.19	0.16	0.17	0.13	0.14	0.1	0.09	0.06	0.21	0.23	0.24	0.24	0.42	0.29	0.21	0.22	0.23	0.21	0.19	0.18	0.21	0.18
NH4	0.29	0.67	0.28	1.47	0.89	0.34	0.95	0.67	0.48	0.45	1.03	1.32	1.14	1.23	1.53	2.13	1.28	0.98	1.44	0.93	1.2	1.54	2.16	1
NO2	0.28	0.23	0.28	0.36	0.33	0.05	0.2	0.06	0.05	0.06	1.02	0.29	0.22	0.22	0.15	0.43	0.14	0.08	0.06	0.01	0.02	0.11	0.84	0.13
NO3	1.53	1.56	2.82	2.51	0.21	0.2	0.14	0.25	0.18	0.36	0.37	1.32	1.05	2.55	6.81	3.3	0.89	0.21	0.22	0.14	0.27	2.35	2.48	1.17
SI	1.8	0.84	2.47	6.07	3.27	2.22	1.36	1.31	1.38	1.41	1.78	2.5	2.56	2.94	7.06	3.35	1.48	1.34	1.76	1.52	1.29	1.6	1.81	1.86
BACTERIA	854356	700418	1156460	1046779	1117590	1874196	1654834	1685622	1243819	na	923628	715812	582655	952492	380997	788163	1610192	935943	1127596	803899	1250747	885144	1100657	691182
SYNECHOS	5927	1780	10463	1411	17222	39447	38741	38741	56187	na	5644	16856	8253	4387	4002	4169	4233	19146	24823	28575	37522	33866	21840	4013
Cryptomonas	100	134	145	80	0	35	113	118	128	0	14	142	0	104	92	81	134	235	59	30	14	80	56	103
Micromonas	9258	3071	6884	1424	865	966	203	4540	381	730	449	3001	4414	8403	8403	1543	722	997	505	163	101	573	694	1764
PNF_tot	11451	4924	8377	2266	3593	2835	1228	7245	3469	2811	1314	4768	5853	9976	12097	2506	1357	4367	1699	1122	776	2052	1964	2904
HNF_tot	329	1312	607	1793	1117	1599	1357	2047	1748	822	883	664	420	505	267	669	1158	2077	1528	1347	1281	837	575	909
