#Row.names	X18S_BL040126_022.	X18S_BL040223_022.	X18S_BL040322_022.	X18S_BL040419_022.	X18S_BL040525_022.	X18S_BL040628_022.	X18S_BL040719_022.	X18S_BL040831_022.	X18S_BL040929_022.	X18S_BL041019_022.	X18S_BL041116_022.	X18S_BL041214_022.	X18S_BL050120_022.	X18S_BL050215_022.	X18S_BL050309_022.	X18S_BL050413_022.	X18S_BL050510_022.	X18S_BL050607_022.	X18S_BL050705_022.	X18S_BL050803_022.	X18S_BL050913_022.	X18S_BL051004_022.	X18S_BL051108_022.	X18S_BL051213_022.
OTU_1	720	670	1777	85	0	0	0	0	4	15	25	657	715	3009	2	13	1	0	8	0	2608	290	46	80
OTU_2	271	134	1784	86	0	14	0	9	0	20	8	347	1709	1526	3	9	15	2	100	0	908	58	54	206
OTU_5	12	1	7	4	191	3.00E+03	12	18	107	128	76	5	16	11	1612	0	1	117	0	32	13	32	8	50
OTU_3	140	100	143	147	0	0	663	747	622	245	164	272	228	98	488	53	79	58	0	370	68	101	114	86
OTU_4	0	0	1	4	797	416	181	15	103	173	252	0	0	9	0	153	714	44	37	1076	1	0	118	14
OTU_7	2	23	4	0	999	0	314	358	334	116	26	96	6	0	0	0	86	324	2	0	8	1	538	27
OTU_10	36	151	108	46	114	201	114	133	102	26	203	401	170	26	0	452	0	37	3	0	93	2	114	726
OTU_6	49	0	0	0	0	0	0	207	120	294	24	0	226	0	0	27	0	160	0	0	1	0	1601	415
OTU_11	0	0	1	0	1792	0	0	0	0	2	0	4	2	0	4	0	4	0	1182	48	0	4	10	5
OTU_8	219	220	445	645	138	0	182	17	66	73	82	271	213	34	0	1	0	7	1	0	150	32	55	182
OTU_14	0	0	0	1801	0	0	0	0	0	0	0	4	5	4	0	0	0	1	0	0	2	1122	0	0
OTU_35	28	0	0	1	0	0	89	41	26	29	19	1	0	0	0	1111	837	245	0	352	0	0	0	3
OTU_13	23	70	1	0	0	0	88	959	1076	46	14	0	31	0	0	0	44	34	1	148	7	0	0	0
OTU_19	0	3	2	504	0	35	109	164	137	120	109	14	0	0	0	881	101	15	0	118	4	96	0	6
OTU_17	0	0	3	2020	0	0	0	97	67	44	3	0	0	0	0	0	30	36	94	0	0	16	0	0
OTU_15	426	431	134	11	0	0	0	0	0	0	20	22	75	0	0	0	0	0	3	0	933	0	33	33
OTU_29	3	329	4	0	0	0	49	19	182	268	148	1	4	0	347	606	0	0	1	0	0	1	67	81
OTU_16	182	298	164	109	0	0	0	3	47	41	43	202	209	157	2	0	0	15	0	74	273	14	17	215
OTU_41	0	0	4	7	7	32	0	0	0	0	0	0	0	0	0	0	0	0	1300	4	0	677	0	0
OTU_22	155	10	76	1	0	0	0	17	14	35	11	131	57	232	449	0	17	2	0	0	95	224	268	13
OTU_21	59	0	0	22	0	0	25	0	0	3	135	5	43	0	0	82	162	5	14	967	36	185	19	12
OTU_4576	4	0	24	1	0	66	21	413	96	53	6	79	159	95	418	1	3	37	1	45	74	0	76	62
OTU_12	692	41	6	7	87	0	41	12	0	0	0	29	297	80	2	0	1	0	65	256	81	28	0	3
OTU_32	41	69	41	146	534	658	4	1	4	35	43	0	11	0	1	1	3	64	1	0	6	34	0	25
OTU_42	0	0	0	0	0	0	0	0	40	5	87	0	0	0	1100	0	292	51	0	0	1	0	64	19
OTU_18	40	6	3	52	0	37	221	28	40	79	57	26	17	0	0	50	152	43	30	503	0	53	129	75
OTU_26	71	258	198	29	0	18	40	17	62	75	42	4	85	39	111	83	26	49	152	43	46	57	54	61
OTU_31	37	0	2	0	211	19	0	0	24	94	95	18	55	0	235	141	190	20	0	271	2	0	62	31
OTU_59	0	0	0	0	0	73	118	111	19	9	6	0	0	0	0	564	466	120	0	0	1	0	0	0
OTU_63	6	0	0	28	6	0	203	48	54	213	27	14	10	0	0	15	88	3	511	0	0	27	65	70
OTU_27	18	118	14	81	57	90	53	169	86	35	31	45	25	50	0	0	165	33	16	19	30	82	12	91
OTU_34	36	42	12	86	0	0	0	0	0	11	0	27	7	147	0	0	0	0	33	37	61	789	10	0
OTU_28	195	257	76	3	0	0	0	0	69	170	20	75	121	61	0	0	1	0	0	0	103	83	19	36
OTU_81	92	68	2	0	0	27	0	0	50	2	99	67	42	25	537	0	0	11	0	0	94	0	68	42
OTU_73	12	0	15	4	0	33	58	9	90	118	34	4	24	8	179	178	190	36	58	0	32	44	27	31
OTU_1194	0	0	0	0	0	10	1	33	104	0	1	0	0	0	820	85	0	112	0	0	0	0	15	0
OTU_87	0	0	0	0	0	0	3	18	25	8	16	0	0	0	1	855	0	91	0	0	0	0	151	1
OTU_25	28	7	637	58	0	0	0	0	0	0	1	0	120	22	1	0	0	0	1	1	113	135	0	6
OTU_23	484	72	132	14	0	0	0	0	0	0	1	0	19	66	0	0	0	0	0	0	315	0	0	26
OTU_96	19	48	7	4	0	60	205	22	104	112	28	5	3	10	0	284	0	9	0	20	0	39	99	10
OTU_43	0	27	4	38	0	37	333	243	56	29	13	3	1	0	143	0	0	94	0	10	0	34	6	16
OTU_24	0	0	1	0	61	186	3	0	0	1	9	0	1	0	0	0	0	0	0	813	0	0	0	0
OTU_67	0	0	0	0	0	0	326	135	213	220	5	0	1	0	0	0	42	68	0	0	0	0	49	1
OTU_36	83	106	107	9	25	7	17	79	30	15	9	35	36	7	1	119	1	0	2	157	35	160	0	7
OTU_121	4	91	19	69	0	22	40	5	2	7	2	5	27	13	0	0	0	0	607	40	22	19	24	15
OTU_39	0	14	10	37	0	71	321	157	67	23	44	22	2	0	51	0	0	99	0	0	6	51	21	34
OTU_82	6	0	1	1	0	0	192	20	15	15	10	0	4	32	0	0	562	17	0	125	0	17	0	0
OTU_30	217	76	53	17	0	0	0	0	5	0	44	83	79	33	0	0	0	0	0	0	182	14	84	88
OTU_61	35	43	5	7	0	9	52	21	23	29	10	87	101	60	2	223	11	21	0	0	77	45	92	21
OTU_52	0	3	1	0	0	9	273	182	39	38	22	4	24	0	0	64	5	168	9	25	0	0	78	24
OTU_79	108	0	6	4	0	50	0	37	2	2	170	15	22	5	423	38	0	15	0	0	7	0	13	23
OTU_66	20	137	21	6	0	0	0	0	15	45	55	232	17	79	0	110	0	66	0	0	24	1	47	13
OTU_84	52	71	3	29	0	0	15	222	125	40	18	37	39	87	0	0	0	32	0	0	28	11	27	42
OTU_46	0	0	7	12	0	87	21	2	126	76	49	93	10	14	0	0	152	59	0	145	5	0	1	18
OTU_74	15	10	154	379	0	0	5	0	12	203	5	0	3	0	0	0	1	0	0	0	21	49	5	6
OTU_44	20	0	24	6	0	217	22	136	27	112	15	0	0	32	0	0	49	13	0	55	51	13	71	4
OTU_101	0	0	0	0	0	1	831	10	9	0	3	0	0	0	0	0	1	0	0	0	0	0	8	0
OTU_75	2	0	1	0	6	1	0	0	5	35	453	0	8	0	0	104	183	8	1	2	3	0	17	5
OTU_55	76	0	7	0	0	157	111	22	51	92	54	18	18	14	0	0	75	66	0	0	8	35	4	14
OTU_51	24	1	20	26	98	0	136	137	78	17	31	76	10	0	0	27	0	28	4	63	7	0	14	17
OTU_100	47	12	61	11	56	26	18	19	58	104	64	35	16	0	0	0	48	49	0	0	8	0	50	126
OTU_83	6	30	6	0	0	0	0	0	0	0	4	14	23	306	0	0	0	0	3	0	347	0	18	3
OTU_90	79	1	142	39	0	9	48	0	6	19	11	49	23	73	3	0	72	0	0	49	32	65	2	10
OTU_525	6	0	1	8	38	14	7	0	0	11	4	27	0	0	0	0	13	16	318	177	1	63	0	11
OTU_40	0	0	0	0	471	37	41	10	16	38	2	14	2	0	0	0	0	20	0	0	0	29	27	4
OTU_53	61	10	86	0	0	0	0	12	38	9	1	59	204	124	0	0	0	2	3	0	84	0	1	15
OTU_64	35	15	17	5	0	0	0	0	0	1	3	359	6	14	0	0	0	0	1	0	22	211	0	9
OTU_509	14	0	9	14	0	0	0	1	28	14	1	39	83	84	1	142	0	14	59	0	60	53	18	14
OTU_77	0	4	1	0	85	0	178	45	68	25	16	8	9	0	0	0	49	56	0	48	1	0	29	8
OTU_47	123	199	0	4	0	0	0	0	61	20	2	0	190	0	0	0	0	0	0	0	0	0	0	27
OTU_57	95	0	99	46	0	0	90	226	0	3	14	24	8	5	0	0	0	0	0	0	0	5	0	9
OTU_1013	0	2	0	2	70	0	11	38	102	55	32	59	25	0	1	19	0	49	1	0	0	0	128	29
OTU_48	21	0	7	28	475	0	0	0	7	10	3	0	22	0	0	0	3	0	0	0	1	0	2	17
OTU_56	42	51	30	3	0	0	0	0	33	17	35	101	92	0	75	0	0	2	0	0	19	0	53	41
OTU_60	140	291	0	23	0	0	0	0	0	0	62	0	0	3	0	0	0	0	0	0	22	0	8	41
OTU_80	39	0	0	4	0	0	0	0	0	196	98	92	19	0	0	0	0	0	0	0	7	0	13	93
OTU_69	93	91	57	18	0	0	0	0	0	0	6	110	57	13	0	0	0	0	0	0	86	9	0	20
OTU_141	7	0	0	2	0	8	5	0	9	1	5	2	0	17	0	353	0	0	39	48	0	60	0	0
OTU_70	7	21	10	37	0	10	38	59	47	12	17	1	1	2	0	4	1	10	0	265	0	0	10	1
OTU_68	36	74	67	85	0	0	38	34	3	8	118	3	13	0	0	0	0	0	0	0	6	0	4	38
OTU_65	0	0	1	0	337	11	21	31	9	33	1	0	0	0	0	0	0	13	0	67	0	0	0	2
OTU_72	6	50	21	37	0	145	0	0	0	0	13	3	29	22	0	44	0	19	0	0	45	0	14	65
OTU_5293	2	0	2	45	27	3	47	67	17	20	2	22	0	2	0	32	34	6	78	9	3	55	26	8
OTU_62	38	37	22	2	0	0	2	0	0	28	9	98	109	7	0	0	0	0	0	0	25	0	47	80
OTU_149	0	0	0	0	0	0	0	0	29	7	15	0	2	0	0	0	298	143	0	0	0	0	0	1
OTU_112	8	0	1	0	0	0	0	0	13	68	21	61	32	18	0	57	11	7	0	39	15	3	127	10
OTU_85	14	1	4	1	0	16	0	2	80	183	10	10	38	0	0	0	0	3	0	22	3	1	36	67
OTU_134	3	158	18	77	30	0	0	0	0	0	0	29	4	24	0	0	0	0	35	0	11	49	17	30
OTU_93	41	58	28	119	0	135	30	0	0	10	5	11	12	1	0	0	0	0	0	0	10	0	0	14
OTU_78	3	0	6	5	66	307	0	0	0	19	5	1	2	0	0	0	0	27	0	2	2	0	17	9
OTU_106	0	0	0	1	0	0	0	0	3	0	112	0	1	0	0	0	0	299	8	12	5	0	20	3
OTU_190	0	0	0	0	0	0	0	16	0	0	7	0	8	0	0	1	419	9	0	0	0	0	0	4
OTU_1542	5	5	2	0	0	46	114	0	0	21	21	12	42	0	0	0	0	2	39	135	6	2	0	8
OTU_71	0	0	5	1	0	250	0	0	5	37	53	8	13	0	0	0	0	0	0	60	7	0	0	20
OTU_252	0	0	0	1	0	0	45	0	8	12	6	2	0	0	0	0	257	56	5	59	0	0	1	4
OTU_95	0	0	0	0	255	124	9	0	0	0	4	0	5	2	0	0	0	1	0	47	0	0	0	5
OTU_174	11	32	19	2	0	0	2	0	0	0	4	7	6	87	0	0	0	0	234	0	6	28	4	0
OTU_58	25	8	21	7	0	0	0	0	0	0	25	81	58	0	1	0	0	20	0	0	14	0	80	100
OTU_94	7	0	1	28	0	0	0	0	0	11	10	1	178	120	1	0	0	0	0	0	1	77	0	0
Temp	14	12.9	12.9	12.6	17	21.1	24	24.5	21.3	19.2	16	14.5	13	12.1	12.4	13	16	19.6	24	24	26.1	21.5	17.9	13.9
SECCHI	14	7	12	6	9	14	24	17	15	12	11	15.5	19	13	20	18	12.5	22	22	20	19	17	12	15
SAL_CTD	37.9	37.2	37.2	35.9	37	36.9	36.9	37.2	37.7	37.5	36.8	37.2	37	37.7	37.9	37.7	37.6	38.1	na	na	na	35.1	37.1	37.8
CHL_total	1.06	1.04	1.13	1.36	0.71	0.44	0.37	NA	0.68	0.34	0.71	0.38	0.51	1.34	0.67	2.03	1.13	0.36	0.11	0.02	0.27	0.57	0.75	0.6
PO4	0.22	0.17	0.19	0.16	0.17	0.13	0.14	0.1	0.09	0.06	0.21	0.23	0.24	0.24	0.42	0.29	0.21	0.22	0.23	0.21	0.19	0.18	0.21	0.18
NH4	0.29	0.67	0.28	1.47	0.89	0.34	0.95	0.67	0.48	0.45	1.03	1.32	1.14	1.23	1.53	2.13	1.28	0.98	1.44	0.93	1.2	1.54	2.16	1
NO2	0.28	0.23	0.28	0.36	0.33	0.05	0.2	0.06	0.05	0.06	1.02	0.29	0.22	0.22	0.15	0.43	0.14	0.08	0.06	0.01	0.02	0.11	0.84	0.13
NO3	1.53	1.56	2.82	2.51	0.21	0.2	0.14	0.25	0.18	0.36	0.37	1.32	1.05	2.55	6.81	3.3	0.89	0.21	0.22	0.14	0.27	2.35	2.48	1.17
SI	1.8	0.84	2.47	6.07	3.27	2.22	1.36	1.31	1.38	1.41	1.78	2.5	2.56	2.94	7.06	3.35	1.48	1.34	1.76	1.52	1.29	1.6	1.81	1.86
BACTERIA	854356	700418	1156460	1046779	1117590	1874196	1654834	1685622	1243819	na	923628	715812	582655	952492	380997	788163	1610192	935943	1127596	803899	1250747	885144	1100657	691182
SYNECHOS	5927	1780	10463	1411	17222	39447	38741	38741	56187	na	5644	16856	8253	4387	4002	4169	4233	19146	24823	28575	37522	33866	21840	4013
Cryptomonas	100	134	145	80	0	35	113	118	128	0	14	142	0	104	92	81	134	235	59	30	14	80	56	103
Micromonas	9258	3071	6884	1424	865	966	203	4540	381	730	449	3001	4414	8403	8403	1543	722	997	505	163	101	573	694	1764
PNF_tot	11451	4924	8377	2266	3593	2835	1228	7245	3469	2811	1314	4768	5853	9976	12097	2506	1357	4367	1699	1122	776	2052	1964	2904
HNF_tot	329	1312	607	1793	1117	1599	1357	2047	1748	822	883	664	420	505	267	669	1158	2077	1528	1347	1281	837	575	909
